Participant,HR,Time,Label
4,1.0,1644233400,0
4,83.0,1644233401,0
4,83.0,1644233484,0
4,75.33,1644233567,0
4,70.5,1644233642,0
4,67.4,1644233713,0
4,66.33,1644233780,0
4,67.14,1644233847,0
4,67.75,1644233914,0
4,68.11,1644233981,0
4,68.5,1644234050,1
4,69.09,1644234118,1
4,69.83,1644234187,1
4,70.38,1644234257,1
4,70.86,1644234327,1
4,71.33,1644234398,0
4,72.0,1644234470,0
4,72.71,1644234542,0
4,73.39,1644234614,1
4,74.0,1644234688,1
4,74.6,1644234762,1
4,75.19,1644234836,1
4,75.77,1644234911,1
4,76.3,1644234987,1
4,76.79,1644235064,1
4,77.24,1644235140,1
4,77.65,1644235218,1
4,78.07,1644235295,0
4,78.5,1644235373,0
4,78.93,1644235452,0
4,79.33,1644235531,1
4,79.74,1644235610,1
4,80.12,1644235690,0
4,80.45,1644235770,0
4,80.74,1644235850,0
4,80.94,1644235931,0
4,81.11,1644236012,0
4,81.24,1644236093,0
4,81.34,1644236174,0
4,81.41,1644236256,0
4,81.47,1644236337,0
4,81.54,1644236419,0
4,81.6,1644236500,0
4,81.63,1644236582,0
4,81.66,1644236663,0
4,81.67,1644236745,0
4,81.65,1644236827,0
4,81.62,1644236908,0
4,81.58,1644236990,0
4,81.53,1644237072,0
4,81.4,1644237153,0
4,81.27,1644237234,0
4,81.13,1644237316,0
4,81.0,1644237397,0
4,81.06,1644237478,0
4,81.13,1644237559,0
4,81.2,1644237640,0
4,81.26,1644237721,0
4,81.29,1644237803,0
4,81.32,1644237884,0
4,81.4,1644237965,0
4,81.43,1644238047,0
4,81.45,1644238128,0
4,81.83,1644238209,0
4,82.27,1644238291,0
4,82.7,1644238374,0
4,83.02,1644238456,0
4,83.15,1644238539,0
4,83.27,1644238622,0
4,83.42,1644238706,0
4,83.55,1644238789,0
4,83.63,1644238873,0
4,83.68,1644238956,0
4,83.75,1644239040,0
4,83.78,1644239124,0
4,83.8,1644239207,0
4,83.68,1644239291,0
4,83.52,1644239375,0
4,83.37,1644239458,0
4,83.2,1644239542,0
4,83.0,1644239625,0
4,82.8,1644239708,0
4,82.58,1644239791,0
4,82.4,1644239873,0
4,82.25,1644239956,0
4,82.13,1644240038,0
4,82.03,1644240120,0
4,81.92,1644240202,0
4,81.78,1644240284,0
4,81.63,1644240366,0
4,81.48,1644240448,0
4,81.32,1644240529,0
4,81.13,1644240610,0
4,80.97,1644240691,0
4,80.82,1644240772,0
4,80.72,1644240853,0
4,80.82,1644240934,0
4,80.93,1644241015,0
4,81.08,1644241096,0
4,81.25,1644241177,0
4,81.33,1644241258,0
4,81.55,1644241339,0
4,81.77,1644241421,0
4,82.0,1644241503,0
4,82.22,1644241585,0
4,82.45,1644241667,0
4,82.68,1644241749,0
4,82.83,1644241832,0
4,82.98,1644241915,0
4,83.17,1644241998,0
4,83.42,1644242081,0
4,83.67,1644242164,0
4,83.93,1644242248,0
4,84.2,1644242332,0
4,84.3,1644242416,0
4,84.38,1644242501,0
4,84.47,1644242585,0
4,84.48,1644242669,0
4,84.52,1644242754,0
4,84.57,1644242838,0
4,84.57,1644242923,0
4,84.58,1644243008,0
4,84.62,1644243092,0
4,84.65,1644243177,0
4,84.7,1644243261,0
4,84.77,1644243346,0
4,84.85,1644243431,0
4,84.93,1644243516,0
4,85.03,1644243601,0
4,85.12,1644243686,0
4,85.2,1644243771,0
4,85.3,1644243856,0
4,85.37,1644243941,0
4,85.42,1644244027,0
4,85.48,1644244112,0
4,85.53,1644244198,0
4,85.65,1644244283,0
4,85.7,1644244369,0
4,85.73,1644244454,0
4,85.8,1644244540,0
4,85.92,1644244626,0
4,86.08,1644244712,0
4,86.28,1644244798,0
4,86.45,1644244884,0
4,86.58,1644244971,0
4,86.68,1644245057,0
4,86.77,1644245144,0
4,86.83,1644245231,0
4,86.88,1644245318,0
4,86.92,1644245404,0
4,86.93,1644245491,0
4,86.95,1644245578,0
4,86.97,1644245665,0
4,86.98,1644245752,0
4,87.02,1644245839,0
4,87.05,1644245926,0
4,86.92,1644246013,0
4,86.8,1644246100,0
4,86.67,1644246187,0
4,86.55,1644246274,0
4,86.52,1644246360,0
4,86.37,1644246447,0
4,86.22,1644246533,0
4,86.07,1644246619,0
4,85.95,1644246705,0
4,85.82,1644246791,0
4,85.7,1644246877,0
4,85.68,1644246963,0
4,85.65,1644247049,0
4,85.53,1644247134,0
4,85.42,1644247220,0
4,85.3,1644247305,0
4,85.18,1644247390,0
4,85.05,1644247476,0
4,84.9,1644247561,0
4,84.75,1644247646,0
4,84.55,1644247730,0
4,84.4,1644247815,0
4,84.28,1644247899,0
4,84.13,1644247984,0
4,83.9,1644248068,0
4,83.67,1644248152,0
4,83.4,1644248235,0
4,83.18,1644248319,0
4,83.02,1644248402,0
4,82.85,1644248485,0
4,82.8,1644248568,0
4,82.75,1644248651,0
4,82.72,1644248733,0
4,82.68,1644248816,0
4,82.75,1644248899,0
4,82.78,1644248981,0
4,82.82,1644249064,0
4,82.87,1644249147,0
4,82.93,1644249230,0
4,83.02,1644249313,0
4,83.1,1644249396,0
4,83.27,1644249479,0
4,83.42,1644249562,0
4,83.57,1644249646,0
4,83.67,1644249729,0
4,83.7,1644249813,0
4,83.7,1644249897,0
4,83.72,1644249980,0
4,83.73,1644250064,0
4,83.75,1644250148,0
4,83.77,1644250231,0
4,83.8,1644250315,0
4,83.83,1644250399,0
4,83.9,1644250483,0
4,83.93,1644250567,0
4,83.95,1644250651,0
4,83.98,1644250735,0
4,84.02,1644250819,0
4,84.02,1644250903,0
4,84.0,1644250987,0
4,83.97,1644251071,0
4,83.92,1644251155,0
4,83.87,1644251239,0
4,83.8,1644251322,0
4,83.72,1644251406,0
4,83.63,1644251490,0
4,83.57,1644251574,0
4,83.5,1644251657,0
4,83.42,1644251741,0
4,83.37,1644251824,0
4,83.32,1644251907,0
4,83.27,1644251991,0
4,83.22,1644252074,0
4,83.22,1644252157,0
4,83.22,1644252240,0
4,83.2,1644252324,0
4,83.18,1644252407,0
4,83.18,1644252490,0
4,83.2,1644252573,0
4,83.23,1644252656,0
4,83.33,1644252740,0
4,83.45,1644252823,0
4,83.57,1644252906,0
4,83.7,1644252990,0
4,83.92,1644253074,0
4,84.13,1644253158,0
4,84.38,1644253242,0
4,84.62,1644253326,0
4,84.8,1644253411,0
4,85.02,1644253496,0
4,85.13,1644253581,0
4,85.27,1644253666,0
4,85.38,1644253751,0
4,85.5,1644253836,0
4,85.52,1644253922,0
4,85.53,1644254007,0
4,85.57,1644254093,0
4,85.58,1644254178,0
4,85.6,1644254264,0
4,85.62,1644254350,0
4,85.63,1644254435,0
4,85.65,1644254521,0
4,85.67,1644254607,0
4,85.68,1644254692,0
4,85.72,1644254778,0
4,85.75,1644254864,0
4,85.78,1644254949,0
4,85.8,1644255035,0
4,85.8,1644255121,0
4,85.8,1644255207,0
4,85.8,1644255293,0
4,85.82,1644255378,0
4,85.83,1644255464,0
4,85.83,1644255550,0
4,85.9,1644255636,0
4,86.0,1644255722,0
4,86.1,1644255808,0
4,86.2,1644255894,0
4,86.32,1644255980,0
4,86.43,1644256066,0
4,86.53,1644256153,0
4,86.62,1644256239,0
4,86.67,1644256326,0
4,86.7,1644256413,0
4,86.75,1644256499,0
4,86.78,1644256586,0
4,86.78,1644256673,0
4,86.77,1644256760,0
4,86.75,1644256846,0
4,86.7,1644256933,0
4,86.63,1644257020,0
4,86.55,1644257106,0
4,86.47,1644257193,0
4,86.4,1644257279,0
4,86.35,1644257366,0
4,86.33,1644257452,0
4,86.33,1644257539,0
4,86.35,1644257625,0
4,86.38,1644257711,0
4,86.4,1644257798,0
4,86.4,1644257884,0
4,86.38,1644257970,0
4,86.35,1644258057,0
4,86.3,1644258143,0
4,86.25,1644258229,0
4,86.18,1644258316,0
4,86.13,1644258402,0
4,86.07,1644258488,0
4,86.0,1644258574,0
4,85.9,1644258660,0
4,85.78,1644258746,0
4,85.65,1644258832,0
4,85.52,1644258917,0
4,85.38,1644259003,0
4,85.27,1644259088,0
4,85.17,1644259174,0
4,85.08,1644259259,0
4,85.03,1644259344,0
4,85.0,1644259429,0
4,84.95,1644259514,0
4,84.9,1644259599,0
4,84.85,1644259684,0
4,84.8,1644259769,0
4,84.73,1644259853,0
4,84.65,1644259938,0
4,84.57,1644260023,0
4,84.48,1644260107,0
4,84.4,1644260192,0
4,84.33,1644260276,0
4,84.27,1644260361,0
4,84.22,1644260445,0
4,84.15,1644260529,0
4,84.08,1644260613,0
4,84.02,1644260697,0
4,83.93,1644260781,0
4,83.83,1644260865,0
4,83.73,1644260949,0
4,83.63,1644261033,0
4,83.53,1644261116,0
4,83.42,1644261200,0
4,83.32,1644261283,0
4,83.25,1644261367,0
4,83.22,1644261450,0
4,83.22,1644261533,0
4,83.22,1644261616,0
4,83.23,1644261700,0
4,83.27,1644261783,0
4,83.33,1644261866,0
4,83.4,1644261949,0
4,83.5,1644262033,0
4,83.62,1644262116,0
4,83.75,1644262200,0
4,83.9,1644262284,0
4,84.05,1644262368,0
4,84.18,1644262452,0
4,84.3,1644262536,0
4,84.4,1644262620,0
4,84.48,1644262705,0
4,84.55,1644262789,0
4,84.6,1644262874,0
4,84.63,1644262958,0
4,84.73,1644263043,0
4,84.82,1644263127,0
4,84.9,1644263212,0
4,85.0,1644263297,0
4,85.12,1644263382,0
4,85.22,1644263467,0
4,85.32,1644263553,0
4,85.42,1644263638,0
4,85.53,1644263723,0
4,85.63,1644263809,0
4,85.77,1644263894,0
4,85.9,1644263980,0
4,86.03,1644264066,0
4,86.15,1644264152,0
4,86.27,1644264238,0
4,86.37,1644264325,0
4,86.45,1644264411,0
4,86.52,1644264497,0
4,86.6,1644264584,0
4,86.67,1644264671,0
4,86.73,1644264757,0
4,86.78,1644264844,0
4,86.85,1644264931,0
4,86.93,1644265018,0
4,87.02,1644265104,0
4,87.1,1644265191,0
4,87.18,1644265279,0
4,87.25,1644265366,0
4,87.32,1644265453,0
4,87.37,1644265540,0
4,87.42,1644265628,0
4,87.48,1644265715,0
4,87.55,1644265803,0
4,87.62,1644265890,0
4,87.68,1644265978,0
4,87.75,1644266065,0
4,87.8,1644266153,0
4,87.85,1644266241,0
4,87.92,1644266329,0
4,87.98,1644266417,0
4,88.05,1644266505,0
4,88.12,1644266593,0
4,88.18,1644266681,0
4,88.25,1644266769,0
4,88.3,1644266857,0
4,88.37,1644266946,0
4,88.4,1644267034,0
4,88.42,1644267122,0
4,88.42,1644267211,0
4,88.43,1644267299,0
4,88.45,1644267388,0
4,88.47,1644267476,0
4,88.5,1644267565,0
4,88.53,1644267653,0
4,88.57,1644267742,0
4,88.6,1644267830,0
4,88.62,1644267919,0
4,88.63,1644268007,0
4,88.53,1644268096,0
4,88.45,1644268185,0
4,88.35,1644268273,0
4,88.25,1644268361,0
4,88.18,1644268450,0
4,88.03,1644268538,0
4,87.83,1644268626,0
4,87.7,1644268714,0
4,87.57,1644268801,0
4,87.45,1644268889,0
4,87.32,1644268976,0
4,87.2,1644269064,0
4,86.95,1644269151,0
4,86.6,1644269238,0
4,86.28,1644269324,0
4,86.0,1644269411,0
4,85.8,1644269497,0
4,85.65,1644269583,0
4,85.5,1644269668,0
4,85.33,1644269754,0
4,85.17,1644269839,0
4,85.02,1644269924,0
4,84.87,1644270009,0
4,84.87,1644270094,0
4,84.85,1644270179,0
4,84.83,1644270264,0
4,84.82,1644270349,0
4,84.8,1644270433,0
4,84.78,1644270518,0
4,84.78,1644270603,0
4,84.78,1644270688,0
4,84.77,1644270773,0
4,84.75,1644270857,0
4,84.73,1644270942,0
4,84.72,1644271027,0
4,84.72,1644271112,0
4,84.73,1644271196,0
4,84.75,1644271281,0
4,84.8,1644271366,0
4,84.85,1644271451,0
4,84.9,1644271535,0
4,84.93,1644271620,0
4,84.93,1644271705,0
4,84.92,1644271790,0
4,84.87,1644271875,0
4,84.82,1644271960,0
4,84.75,1644272045,0
4,84.68,1644272130,0
4,84.63,1644272214,0
4,84.6,1644272299,0
4,84.57,1644272383,0
4,84.53,1644272468,0
4,84.52,1644272553,0
4,84.52,1644272637,0
4,84.52,1644272722,0
4,84.52,1644272806,0
4,84.52,1644272891,0
4,84.52,1644272975,0
4,84.53,1644273060,0
4,84.55,1644273144,0
4,84.72,1644273229,0
4,84.88,1644273313,0
4,85.02,1644273398,0
4,85.18,1644273483,0
4,85.33,1644273569,0
4,85.55,1644273654,0
4,85.82,1644273739,0
4,86.0,1644273825,0
4,86.17,1644273911,0
4,86.32,1644273997,0
4,86.47,1644274084,0
4,86.6,1644274170,0
4,86.8,1644274257,0
4,87.0,1644274344,0
4,87.12,1644274431,0
4,87.15,1644274518,0
4,87.08,1644274605,0
4,86.9,1644274692,0
4,86.67,1644274779,0
4,86.43,1644274866,0
4,86.2,1644274952,0
4,86.08,1644275038,0
4,85.97,1644275124,0
4,85.73,1644275210,0
4,85.5,1644275296,0
4,85.28,1644275381,0
4,85.08,1644275467,0
4,84.9,1644275552,0
4,84.53,1644275637,0
4,84.22,1644275721,0
4,83.9,1644275805,0
4,83.57,1644275889,0
4,83.27,1644275973,0
4,82.97,1644276056,0
4,82.95,1644276139,0
4,82.85,1644276222,0
4,82.7,1644276305,0
4,82.47,1644276388,0
4,82.22,1644276470,0
4,81.97,1644276552,0
4,81.7,1644276634,0
4,81.47,1644276716,0
4,81.25,1644276798,0
4,81.1,1644276879,0
4,80.92,1644276960,0
4,80.72,1644277041,0
4,80.5,1644277121,0
4,80.23,1644277202,0
4,79.97,1644277282,0
4,79.7,1644277362,0
4,79.4,1644277442,0
4,79.13,1644277521,0
4,78.8,1644277600,0
4,78.47,1644277679,0
4,78.18,1644277758,0
4,77.93,1644277836,0
4,77.7,1644277914,0
4,77.47,1644277992,0
4,77.25,1644278069,0
4,77.05,1644278146,0
4,76.83,1644278223,0
4,76.62,1644278300,0
4,76.47,1644278377,0
4,76.3,1644278453,0
4,76.15,1644278529,0
4,76.0,1644278606,0
4,75.9,1644278682,0
4,75.82,1644278758,0
4,75.73,1644278833,0
4,75.62,1644278909,0
4,75.5,1644278985,0
4,75.4,1644279060,0
4,75.32,1644279136,0
4,75.32,1644279211,0
4,75.3,1644279286,0
4,75.33,1644279362,0
4,75.35,1644279437,0
4,75.4,1644279512,0
4,75.68,1644279588,0
4,76.0,1644279663,0
4,76.32,1644279739,0
4,76.55,1644279816,0
4,76.78,1644279892,0
4,77.05,1644279969,0
4,77.28,1644280046,0
4,77.47,1644280123,0
4,77.68,1644280201,0
4,77.87,1644280278,0
4,78.25,1644280356,0
4,78.68,1644280435,0
4,79.12,1644280513,0
4,79.52,1644280592,0
4,79.87,1644280672,0
4,80.25,1644280752,0
4,80.43,1644280832,0
4,80.57,1644280912,0
4,80.73,1644280993,0
4,80.95,1644281074,0
4,81.03,1644281155,0
4,81.1,1644281236,0
4,81.18,1644281317,0
4,81.22,1644281398,0
4,81.25,1644281479,0
4,81.22,1644281560,0
4,81.2,1644281642,0
4,81.15,1644281723,0
4,81.13,1644281804,0
4,81.32,1644281885,0
4,81.33,1644281966,0
4,81.45,1644282048,0
4,81.62,1644282129,0
4,81.72,1644282211,0
4,81.88,1644282293,0
4,82.0,1644282374,0
4,82.07,1644282456,0
4,82.02,1644282539,0
4,81.72,1644282621,0
4,81.43,1644282702,0
4,81.15,1644282784,0
4,80.83,1644282865,0
4,80.52,1644282946,0
4,80.2,1644283026,0
4,79.85,1644283106,0
4,79.52,1644283186,0
4,79.2,1644283266,0
4,78.9,1644283345,0
4,78.58,1644283424,0
4,78.38,1644283502,0
4,78.2,1644283581,0
4,78.07,1644283659,0
4,77.97,1644283737,0
4,77.83,1644283815,0
4,77.72,1644283893,0
4,77.63,1644283971,0
4,77.62,1644284048,0
4,77.58,1644284126,0
4,77.58,1644284203,0
4,77.62,1644284281,0
4,77.47,1644284359,0
4,77.3,1644284436,0
4,77.03,1644284513,0
4,76.73,1644284590,0
4,76.43,1644284667,0
4,76.08,1644284744,0
4,75.78,1644284820,0
4,75.55,1644284895,0
4,75.25,1644284971,0
4,75.0,1644285046,0
4,74.75,1644285121,0
4,74.42,1644285196,0
4,74.08,1644285270,0
4,73.82,1644285345,0
4,73.57,1644285418,0
4,73.28,1644285492,0
4,72.93,1644285565,0
4,72.72,1644285638,0
4,72.5,1644285711,0
4,72.33,1644285783,0
4,72.3,1644285856,0
4,72.28,1644285928,0
4,72.27,1644286000,0
4,72.3,1644286073,0
4,72.35,1644286145,0
4,72.38,1644286217,0
4,72.47,1644286290,0
4,72.62,1644286362,0
4,72.77,1644286435,0
4,72.77,1644286507,0
4,72.93,1644286580,0
4,72.98,1644286653,0
4,73.0,1644286726,0
4,73.02,1644286799,0
4,73.0,1644286872,0
4,73.02,1644286945,0
4,73.02,1644287018,0
4,73.12,1644287091,0
4,73.48,1644287164,0
4,73.85,1644287238,0
4,74.2,1644287312,0
4,74.58,1644287386,0
4,74.98,1644287460,0
4,75.38,1644287535,0
4,75.77,1644287611,0
4,76.13,1644287687,0
4,76.47,1644287763,0
4,76.8,1644287839,0
4,77.12,1644287916,0
4,77.32,1644287993,0
4,77.5,1644288070,0
4,77.67,1644288148,0
4,77.78,1644288226,0
4,77.92,1644288303,0
4,78.03,1644288381,0
4,78.12,1644288459,0
4,78.2,1644288537,0
4,78.28,1644288616,0
4,78.37,1644288694,0
4,78.45,1644288772,0
4,78.53,1644288851,0
4,78.62,1644288929,0
4,78.82,1644289008,0
4,79.02,1644289087,0
4,79.2,1644289166,0
4,79.4,1644289245,0
4,79.58,1644289324,0
4,79.73,1644289404,0
4,79.9,1644289484,0
4,80.05,1644289563,0
4,80.18,1644289644,0
4,80.3,1644289724,0
4,80.43,1644289804,0
4,80.57,1644289884,0
4,80.7,1644289965,0
4,80.83,1644290046,0
4,80.95,1644290127,0
4,81.03,1644290208,0
4,81.12,1644290289,0
4,81.17,1644290370,0
4,81.23,1644290451,0
4,81.28,1644290532,0
4,81.33,1644290613,0
4,81.37,1644290695,0
4,81.38,1644290776,0
4,81.42,1644290857,0
4,81.45,1644290939,0
4,81.47,1644291020,0
4,81.48,1644291102,0
4,81.48,1644291183,0
4,81.47,1644291265,0
4,81.45,1644291346,0
4,81.43,1644291428,0
4,81.45,1644291509,0
4,81.5,1644291591,0
4,81.55,1644291672,0
4,81.57,1644291754,0
4,81.58,1644291835,0
4,81.57,1644291917,0
4,81.53,1644291998,0
4,81.5,1644292080,0
4,81.43,1644292161,0
4,81.32,1644292243,0
4,81.2,1644292324,0
4,81.05,1644292405,0
4,80.9,1644292486,0
4,80.75,1644292567,0
4,80.58,1644292648,0
4,80.45,1644292729,0
4,80.27,1644292809,0
4,80.12,1644292889,0
4,79.97,1644292969,0
4,79.85,1644293049,0
4,79.75,1644293129,0
4,79.68,1644293209,0
4,79.63,1644293289,0
4,79.58,1644293368,0
4,79.53,1644293448,0
4,79.48,1644293527,0
4,79.42,1644293607,0
4,79.33,1644293686,0
4,79.23,1644293766,0
4,79.12,1644293845,0
4,78.98,1644293924,0
4,78.87,1644294003,0
4,78.75,1644294082,0
4,78.65,1644294161,0
4,78.57,1644294239,0
4,78.47,1644294318,0
4,78.35,1644294396,0
4,78.25,1644294475,0
4,78.13,1644294553,0
4,78.0,1644294631,0
4,77.87,1644294709,0
4,77.72,1644294787,0
4,77.57,1644294865,0
4,77.4,1644294942,0
4,77.23,1644295020,0
4,77.05,1644295097,0
4,76.9,1644295174,0
4,76.73,1644295251,0
4,76.57,1644295327,0
4,76.4,1644295404,0
4,76.25,1644295480,0
4,76.1,1644295557,0
4,75.98,1644295633,0
4,75.85,1644295709,0
4,75.7,1644295785,0
4,75.53,1644295860,0
4,75.35,1644295936,0
4,75.18,1644296011,0
4,75.05,1644296086,0
4,74.93,1644296161,0
4,74.82,1644296236,0
4,74.7,1644296311,0
4,74.6,1644296386,0
4,74.55,1644296460,0
4,74.48,1644296535,0
4,74.45,1644296609,0
4,74.5,1644296684,0
4,74.57,1644296758,0
4,74.67,1644296833,0
4,74.78,1644296908,0
4,74.9,1644296982,0
4,75.05,1644297057,0
4,75.18,1644297132,0
4,75.35,1644297208,0
4,75.52,1644297283,0
4,75.58,1644297358,0
4,75.63,1644297434,0
4,75.68,1644297510,0
4,75.7,1644297585,0
4,75.73,1644297661,0
4,75.75,1644297737,0
4,75.75,1644297813,0
4,75.77,1644297888,0
4,75.78,1644297964,0
4,75.82,1644298040,0
4,75.87,1644298116,0
4,75.93,1644298192,0
4,76.03,1644298267,0
4,76.15,1644298343,0
4,76.27,1644298420,0
4,76.4,1644298496,0
4,76.53,1644298572,0
4,76.63,1644298649,0
4,76.72,1644298725,0
4,76.8,1644298802,0
4,76.9,1644298879,0
4,76.98,1644298956,0
4,77.03,1644299033,0
4,77.08,1644299110,0
4,77.13,1644299187,0
4,77.17,1644299264,0
4,77.22,1644299341,0
4,77.25,1644299418,0
4,77.3,1644299496,0
4,77.37,1644299573,0
4,77.48,1644299650,0
4,77.6,1644299728,0
4,77.72,1644299805,0
4,77.87,1644299883,0
4,78.02,1644299961,0
4,78.15,1644300039,0
4,78.28,1644300117,0
4,78.38,1644300196,0
4,78.48,1644300274,0
4,78.6,1644300352,0
4,78.75,1644300431,0
4,78.93,1644300510,0
4,79.1,1644300589,0
4,79.28,1644300668,0
4,79.48,1644300747,0
4,79.7,1644300827,0
4,79.9,1644300906,0
4,80.1,1644300986,0
4,80.3,1644301066,0
4,80.5,1644301147,0
4,80.63,1644301227,0
4,80.65,1644301308,0
4,80.62,1644301388,0
4,80.55,1644301469,0
4,80.5,1644301549,0
4,80.45,1644301630,0
4,80.4,1644301710,0
4,80.38,1644301791,0
4,80.33,1644301871,0
4,80.28,1644301952,0
4,80.28,1644302032,0
4,80.37,1644302112,0
4,80.43,1644302192,0
4,80.53,1644302273,0
4,80.62,1644302353,0
4,80.73,1644302434,0
4,80.85,1644302515,0
4,80.95,1644302596,0
4,81.08,1644302677,0
4,81.22,1644302758,0
4,81.38,1644302839,0
4,81.53,1644302920,0
4,81.63,1644303002,0
4,81.7,1644303083,0
4,81.75,1644303165,0
4,81.8,1644303247,0
4,81.87,1644303329,0
4,81.95,1644303411,0
4,81.82,1644303492,0
4,81.67,1644303574,0
4,81.52,1644303656,0
4,81.38,1644303737,0
4,81.27,1644303819,0
4,81.17,1644303900,0
4,81.08,1644303981,0
4,81.02,1644304062,0
4,80.97,1644304143,0
4,80.93,1644304224,0
4,80.88,1644304305,0
4,80.83,1644304386,0
4,80.73,1644304467,0
4,80.62,1644304548,0
4,80.5,1644304628,0
4,80.38,1644304709,0
4,80.3,1644304789,0
4,80.22,1644304870,0
4,80.15,1644304950,0
4,80.13,1644305030,0
4,80.13,1644305110,0
4,80.15,1644305190,0
4,80.15,1644305270,0
4,80.15,1644305350,0
4,80.17,1644305431,0
4,80.15,1644305511,0
4,80.12,1644305591,0
4,80.03,1644305671,0
4,79.95,1644305751,0
4,79.87,1644305831,0
4,79.77,1644305911,0
4,79.67,1644305991,0
4,79.67,1644306070,0
4,79.72,1644306150,0
4,79.8,1644306230,0
4,79.93,1644306310,0
4,80.05,1644306389,0
4,80.17,1644306470,0
4,80.25,1644306550,0
4,80.28,1644306630,0
4,80.28,1644306710,0
4,80.25,1644306791,0
4,80.15,1644306871,0
4,80.08,1644306951,0
4,80.0,1644307031,0
4,79.9,1644307111,0
4,79.78,1644307191,0
4,79.65,1644307271,0
4,79.55,1644307350,0
4,79.45,1644307430,0
4,79.32,1644307509,0
4,79.13,1644307589,0
4,78.88,1644307668,0
4,78.67,1644307747,0
4,78.4,1644307825,0
4,78.17,1644307904,0
4,77.93,1644307982,0
4,77.68,1644308060,0
4,77.42,1644308138,0
4,77.05,1644308215,0
4,76.93,1644308292,0
4,76.87,1644308369,0
4,76.8,1644308446,0
4,76.75,1644308523,0
4,76.7,1644308599,0
4,76.67,1644308676,0
4,76.53,1644308753,0
4,76.32,1644308829,0
4,76.05,1644308906,0
4,75.82,1644308982,0
4,75.58,1644309057,0
4,75.32,1644309133,0
4,75.07,1644309208,0
4,74.8,1644309283,0
4,74.55,1644309358,0
4,74.28,1644309433,0
4,74.0,1644309507,0
4,73.73,1644309581,0
4,73.45,1644309655,0
4,73.15,1644309728,0
4,72.83,1644309801,0
4,72.5,1644309874,0
4,72.18,1644309947,0
4,71.92,1644310019,0
4,71.67,1644310091,0
4,71.37,1644310162,0
4,71.07,1644310234,0
4,70.8,1644310305,0
4,70.5,1644310376,0
4,70.22,1644310446,0
4,70.03,1644310516,0
4,69.83,1644310586,0
4,69.62,1644310656,0
4,69.32,1644310726,0
4,69.03,1644310795,0
4,68.68,1644310864,0
4,68.28,1644310933,0
4,67.88,1644311001,0
4,67.5,1644311069,0
4,67.15,1644311137,0
4,66.82,1644311204,0
4,66.52,1644311271,0
4,66.33,1644311337,0
4,65.93,1644311403,0
4,65.6,1644311469,0
4,65.28,1644311535,0
4,64.9,1644311600,0
4,64.53,1644311665,0
4,64.57,1644311730,0
4,64.58,1644311794,0
4,64.65,1644311859,0
4,64.72,1644311923,0
4,64.82,1644311988,0
4,64.9,1644312053,0
4,65.02,1644312118,0
4,65.12,1644312183,0
4,65.2,1644312248,0
4,65.3,1644312313,0
4,65.4,1644312379,0
4,65.6,1644312444,0
4,65.78,1644312510,0
4,65.9,1644312575,0
4,66.05,1644312641,0
4,66.18,1644312707,0
4,66.35,1644312773,0
4,66.55,1644312840,0
4,66.83,1644312906,0
4,67.2,1644312973,0
4,67.62,1644313040,0
4,68.0,1644313108,0
4,68.37,1644313176,0
4,68.8,1644313244,0
4,69.23,1644313313,0
4,69.68,1644313382,0
4,70.13,1644313452,0
4,70.58,1644313522,0
4,71.02,1644313593,0
4,71.4,1644313664,0
4,71.78,1644313735,0
4,72.15,1644313807,0
4,72.53,1644313879,0
4,72.93,1644313952,0
4,73.28,1644314025,0
4,73.55,1644314098,0
4,73.78,1644314171,0
4,74.1,1644314245,0
4,74.4,1644314319,0
4,74.65,1644314394,0
4,74.93,1644314468,0
4,75.17,1644314543,0
4,75.23,1644314618,0
4,75.23,1644314694,0
4,75.15,1644314769,0
4,75.13,1644314844,0
4,75.1,1644314919,0
4,75.1,1644314994,0
4,75.13,1644315069,0
4,75.13,1644315145,0
4,75.17,1644315220,0
4,75.27,1644315295,0
4,75.37,1644315370,0
4,75.42,1644315445,0
4,75.42,1644315521,0
4,75.55,1644315596,0
4,75.48,1644315672,0
4,75.42,1644315747,0
4,75.42,1644315823,0
4,75.43,1644315898,0
4,75.02,1644315974,0
4,74.65,1644316049,0
4,74.23,1644316123,0
4,73.87,1644316197,0
4,73.52,1644316271,0
4,73.22,1644316345,0
4,72.98,1644316418,0
4,72.77,1644316491,0
4,72.6,1644316564,0
4,72.52,1644316636,0
4,72.42,1644316709,0
4,72.32,1644316781,0
4,72.18,1644316854,0
4,72.02,1644316926,0
4,71.82,1644316998,0
4,71.53,1644317070,0
4,71.27,1644317141,0
4,70.92,1644317213,0
4,70.52,1644317283,0
4,70.08,1644317354,0
4,69.62,1644317424,0
4,69.17,1644317494,0
4,68.75,1644317563,0
4,68.4,1644317632,0
4,68.05,1644317700,0
4,67.7,1644317768,0
4,67.35,1644317836,0
4,66.97,1644317903,0
4,66.6,1644317970,0
4,66.25,1644318037,0
4,65.92,1644318103,0
4,65.6,1644318169,0
4,65.25,1644318234,0
4,65.32,1644318300,0
4,65.4,1644318365,0
4,65.5,1644318430,0
4,65.63,1644318496,0
4,65.75,1644318562,0
4,65.87,1644318627,0
4,66.05,1644318693,0
4,66.28,1644318759,0
4,66.53,1644318825,0
4,66.85,1644318892,0
4,67.22,1644318959,0
4,67.6,1644319026,0
4,67.97,1644319094,0
4,68.28,1644319162,0
4,68.58,1644319230,0
4,68.9,1644319299,0
4,69.23,1644319367,0
4,69.53,1644319437,0
4,69.5,1644319506,0
4,69.97,1644319576,0
4,70.48,1644319646,0
4,71.03,1644319716,0
4,71.62,1644319787,0
4,72.38,1644319859,0
4,73.15,1644319931,0
4,73.88,1644320004,0
4,74.5,1644320078,0
4,75.12,1644320153,0
4,75.72,1644320228,0
4,76.3,1644320304,0
4,76.87,1644320380,0
4,77.4,1644320457,1
4,77.87,1644320534,1
4,78.3,1644320612,1
4,78.73,1644320690,1
4,79.13,1644320769,0
4,79.45,1644320848,0
4,79.75,1644320928,0
4,80.03,1644321007,1
4,80.28,1644321087,1
4,80.57,1644321168,1
4,80.82,1644321248,1
4,81.17,1644321329,1
4,81.47,1644321410,1
4,81.8,1644321492,1
4,82.2,1644321573,1
4,82.63,1644321656,1
4,83.1,1644321738,0
4,83.63,1644321821,0
4,84.17,1644321905,1
4,84.62,1644321989,1
4,85.05,1644322074,1
4,85.47,1644322159,0
4,85.93,1644322244,0
4,86.47,1644322330,0
4,87.02,1644322417,0
4,87.58,1644322504,0
4,88.13,1644322591,0
4,88.67,1644322679,0
4,89.2,1644322768,0
4,89.37,1644322857,0
4,89.5,1644322947,0
4,89.6,1644323036,0
4,89.63,1644323126,0
4,89.65,1644323215,0
4,89.68,1644323305,0
4,89.68,1644323395,0
4,89.63,1644323484,0
4,89.58,1644323574,0
4,89.53,1644323664,0
4,89.52,1644323753,0
4,89.48,1644323843,0
4,89.45,1644323932,0
4,89.5,1644324022,0
4,89.57,1644324111,0
4,89.92,1644324201,0
4,90.25,1644324291,0
4,90.58,1644324381,0
4,91.18,1644324471,0
4,91.28,1644324563,0
4,91.38,1644324654,0
4,91.45,1644324745,0
4,91.5,1644324837,0
4,91.5,1644324928,0
4,91.48,1644325020,0
4,91.45,1644325111,0
4,91.47,1644325203,0
4,91.42,1644325294,0
4,91.35,1644325386,0
4,91.3,1644325477,0
4,91.27,1644325568,0
4,91.23,1644325659,0
4,91.2,1644325751,0
4,91.15,1644325842,0
4,91.1,1644325933,0
4,91.05,1644326024,0
4,90.95,1644326115,0
4,90.9,1644326206,0
4,90.85,1644326297,0
4,90.85,1644326388,0
4,90.8,1644326479,0
4,90.93,1644326570,0
4,91.0,1644326660,0
4,91.07,1644326751,0
4,91.13,1644326843,0
4,91.18,1644326934,0
4,91.23,1644327025,0
4,91.27,1644327116,0
4,91.05,1644327207,0
4,90.87,1644327298,0
4,90.73,1644327389,0
4,90.62,1644327480,0
4,90.52,1644327571,0
4,90.32,1644327661,0
4,90.13,1644327751,0
4,89.92,1644327842,0
4,89.67,1644327932,0
4,89.4,1644328021,0
4,89.13,1644328111,0
4,88.88,1644328200,0
4,88.62,1644328289,0
4,88.45,1644328377,0
4,88.33,1644328466,0
4,88.25,1644328554,0
4,88.13,1644328642,0
4,88.03,1644328730,0
4,87.93,1644328818,0
4,87.87,1644328906,0
4,87.87,1644328994,0
4,87.95,1644329082,0
4,88.05,1644329170,0
4,88.22,1644329258,0
4,88.4,1644329346,0
4,88.53,1644329435,0
4,88.7,1644329523,0
4,88.58,1644329612,0
4,88.5,1644329701,0
4,88.4,1644329789,0
4,88.18,1644329877,0
4,88.0,1644329966,0
4,87.8,1644330054,0
4,87.6,1644330141,0
4,87.42,1644330229,0
4,87.23,1644330316,0
4,87.08,1644330404,0
4,86.98,1644330491,0
4,86.92,1644330578,0
4,86.92,1644330665,0
4,86.92,1644330752,0
4,86.92,1644330838,0
4,86.92,1644330925,0
4,86.88,1644331012,0
4,86.87,1644331099,0
4,86.88,1644331186,0
4,86.87,1644331273,0
4,86.85,1644331360,0
4,86.87,1644331447,0
4,86.87,1644331534,0
4,86.88,1644331620,0
4,86.88,1644331707,0
4,86.93,1644331794,0
4,86.83,1644331881,0
4,86.78,1644331968,0
4,86.72,1644332055,0
4,86.7,1644332141,0
4,86.72,1644332228,0
4,86.58,1644332315,0
4,86.5,1644332401,0
4,86.57,1644332488,0
4,86.57,1644332574,0
4,86.52,1644332661,0
4,86.47,1644332748,0
4,86.42,1644332834,0
4,86.35,1644332920,0
4,86.25,1644333007,0
4,86.18,1644333093,0
4,86.13,1644333179,0
4,86.13,1644333265,0
4,86.12,1644333352,0
4,86.07,1644333438,0
4,86.0,1644333524,0
4,85.9,1644333610,0
4,85.82,1644333696,0
4,85.92,1644333781,0
4,86.07,1644333867,0
4,86.17,1644333953,0
4,86.27,1644334040,0
4,86.33,1644334126,0
4,86.33,1644334212,0
4,86.25,1644334299,0
4,86.17,1644334385,0
4,86.08,1644334471,0
4,86.0,1644334557,0
4,85.92,1644334643,0
4,85.85,1644334729,0
4,85.77,1644334815,0
4,85.68,1644334901,0
4,85.57,1644334986,0
4,85.57,1644335072,0
4,85.57,1644335157,0
4,85.65,1644335243,0
4,85.52,1644335329,0
4,85.33,1644335414,0
4,85.17,1644335499,0
4,85.02,1644335585,0
4,84.88,1644335670,0
4,84.75,1644335755,0
4,84.62,1644335839,0
4,84.52,1644335924,0
4,84.47,1644336008,0
4,84.38,1644336093,0
4,84.32,1644336177,0
4,84.25,1644336262,0
4,84.2,1644336346,0
4,84.18,1644336430,0
4,84.17,1644336514,0
4,84.15,1644336598,0
4,84.13,1644336683,0
4,84.1,1644336767,0
4,84.08,1644336851,0
4,84.1,1644336935,0
4,84.1,1644337019,0
4,84.1,1644337103,0
4,84.15,1644337187,0
4,84.17,1644337271,0
4,84.15,1644337355,0
4,84.32,1644337440,0
4,84.45,1644337524,0
4,84.62,1644337608,0
4,84.82,1644337693,0
4,85.02,1644337778,0
4,85.28,1644337863,0
4,85.55,1644337948,0
4,85.83,1644338034,0
4,86.1,1644338119,0
4,86.35,1644338206,0
4,86.67,1644338292,0
4,86.95,1644338379,0
4,87.27,1644338466,0
4,87.58,1644338553,0
4,87.88,1644338640,0
4,88.2,1644338728,0
4,88.45,1644338816,0
4,88.48,1644338905,0
4,88.5,1644338993,0
4,88.52,1644339082,0
4,88.52,1644339170,0
4,88.4,1644339259,0
4,88.28,1644339347,0
4,88.23,1644339436,0
4,88.2,1644339524,0
4,88.15,1644339612,0
4,88.1,1644339700,0
4,88.07,1644339788,0
4,87.98,1644339876,0
4,87.93,1644339964,0
4,87.8,1644340052,0
4,87.68,1644340140,0
4,87.57,1644340228,0
4,87.43,1644340315,0
4,87.25,1644340403,0
4,87.3,1644340490,0
4,87.37,1644340577,0
4,87.42,1644340665,0
4,87.45,1644340752,0
4,87.48,1644340840,0
4,87.52,1644340927,0
4,87.57,1644341015,0
4,87.5,1644341102,0
4,87.42,1644341190,0
4,87.18,1644341277,0
4,86.98,1644341364,0
4,86.77,1644341451,0
4,86.5,1644341538,0
4,86.32,1644341624,0
4,86.15,1644341711,0
4,86.0,1644341797,0
4,85.83,1644341883,0
4,85.68,1644341969,0
4,85.57,1644342054,0
4,85.48,1644342140,0
4,85.4,1644342226,0
4,85.3,1644342311,0
4,85.12,1644342396,0
4,84.92,1644342481,0
4,84.75,1644342566,0
4,84.57,1644342651,0
4,84.38,1644342736,0
4,84.2,1644342820,0
4,84.05,1644342904,0
4,84.03,1644342988,0
4,83.92,1644343072,0
4,83.8,1644343156,0
4,83.72,1644343240,0
4,83.63,1644343324,0
4,83.53,1644343407,0
4,83.45,1644343491,0
4,83.37,1644343574,0
4,83.28,1644343658,0
4,83.23,1644343741,0
4,83.17,1644343824,0
4,83.07,1644343907,0
4,82.97,1644343990,0
4,82.9,1644344073,0
4,82.82,1644344156,0
4,82.75,1644344239,0
4,82.67,1644344322,0
4,82.7,1644344405,0
4,82.72,1644344487,0
4,82.65,1644344570,0
4,82.55,1644344653,0
4,82.42,1644344735,0
4,82.27,1644344818,0
4,82.12,1644344900,0
4,81.97,1644344982,0
4,81.83,1644345064,0
4,81.78,1644345146,0
4,81.73,1644345228,0
4,81.72,1644345309,0
4,81.72,1644345391,0
4,81.72,1644345473,0
4,81.7,1644345554,0
4,81.72,1644345636,0
4,81.7,1644345718,0
4,81.82,1644345800,0
4,81.87,1644345881,0
4,81.92,1644345963,0
4,81.97,1644346045,0
4,82.08,1644346127,0
4,82.15,1644346209,0
4,82.15,1644346291,0
4,82.07,1644346373,0
4,82.03,1644346456,0
4,82.0,1644346538,0
4,81.92,1644346620,0
4,81.8,1644346702,0
4,81.7,1644346783,0
4,81.62,1644346865,0
4,81.57,1644346947,0
4,81.43,1644347028,0
4,81.2,1644347110,0
4,80.92,1644347191,0
4,80.65,1644347272,0
4,80.48,1644347352,0
4,80.3,1644347433,0
4,80.05,1644347513,0
4,79.77,1644347593,0
4,79.45,1644347673,0
4,79.13,1644347752,0
4,78.78,1644347832,0
4,78.23,1644347910,0
4,77.72,1644347989,0
4,77.25,1644348066,0
4,76.8,1644348144,0
4,76.35,1644348220,0
4,75.9,1644348297,0
4,75.5,1644348373,0
4,75.03,1644348448,0
4,74.62,1644348523,0
4,74.15,1644348598,0
4,73.95,1644348672,0
4,73.8,1644348746,0
4,73.72,1644348820,0
4,73.67,1644348893,0
4,73.62,1644348967,0
4,73.58,1644349041,0
4,73.6,1644349114,0
4,73.62,1644349188,0
4,73.65,1644349261,0
4,73.72,1644349335,0
4,73.75,1644349409,0
4,73.77,1644349483,0
4,73.78,1644349556,0
4,73.82,1644349630,0
4,73.77,1644349704,0
4,73.7,1644349778,0
4,73.65,1644349851,0
4,73.67,1644349925,0
4,73.65,1644349999,0
4,73.62,1644350072,0
4,73.72,1644350146,0
4,73.8,1644350220,0
4,73.9,1644350294,0
4,74.03,1644350367,0
4,74.02,1644350441,0
4,74.05,1644350515,0
4,74.08,1644350590,0
4,74.05,1644350664,0
4,74.02,1644350738,0
4,74.0,1644350812,0
4,74.23,1644350886,0
4,74.53,1644350960,0
4,74.83,1644351034,0
4,75.22,1644351109,0
4,75.53,1644351185,0
4,75.83,1644351260,0
4,76.13,1644351336,0
4,76.43,1644351412,0
4,76.7,1644351488,0
4,77.02,1644351565,0
4,77.33,1644351642,0
4,77.67,1644351719,0
4,77.98,1644351797,0
4,78.3,1644351875,0
4,78.62,1644351953,0
4,78.97,1644352032,0
4,79.32,1644352111,0
4,79.72,1644352190,0
4,80.1,1644352270,0
4,80.48,1644352350,0
4,80.9,1644352431,0
4,81.3,1644352512,0
4,81.63,1644352593,0
4,82.02,1644352674,0
4,82.4,1644352756,0
4,82.77,1644352839,0
4,83.02,1644352922,0
4,83.3,1644353005,0
4,83.55,1644353088,0
4,83.87,1644353172,0
4,83.9,1644353255,0
4,83.88,1644353339,0
4,83.82,1644353423,0
4,83.73,1644353507,0
4,83.68,1644353591,0
4,83.63,1644353674,0
4,83.58,1644353758,0
4,83.53,1644353842,0
4,83.52,1644353925,0
4,83.52,1644354009,0
4,83.58,1644354092,0
4,83.68,1644354176,0
4,83.78,1644354259,0
4,83.87,1644354343,0
4,84.07,1644354427,0
4,84.27,1644354511,0
4,84.45,1644354595,0
4,84.62,1644354680,0
4,84.75,1644354765,0
4,84.9,1644354849,0
4,84.9,1644354934,0
4,84.92,1644355019,0
4,84.9,1644355104,0
4,84.9,1644355189,0
4,84.93,1644355274,0
4,84.97,1644355359,0
4,84.98,1644355444,0
4,85.05,1644355529,0
4,85.13,1644355614,0
4,85.18,1644355699,0
4,85.27,1644355784,0
4,85.37,1644355869,0
4,85.45,1644355955,0
4,85.48,1644356040,0
4,85.55,1644356126,0
4,85.68,1644356211,0
4,85.78,1644356297,0
4,85.87,1644356383,0
4,85.93,1644356468,0
4,86.0,1644356554,0
4,86.12,1644356640,0
4,86.27,1644356727,0
4,86.45,1644356813,0
4,86.58,1644356899,0
4,86.73,1644356986,0
4,86.88,1644357073,0
4,87.05,1644357159,0
4,87.18,1644357246,0
4,87.32,1644357334,0
4,87.47,1644357421,0
4,87.62,1644357508,0
4,87.85,1644357596,0
4,88.1,1644357684,0
4,88.3,1644357772,0
4,88.5,1644357860,0
4,88.72,1644357949,0
4,88.92,1644358038,0
4,89.13,1644358126,0
4,89.3,1644358216,0
4,89.5,1644358305,0
4,89.72,1644358394,0
4,89.93,1644358484,0
4,90.15,1644358574,0
4,90.35,1644358664,0
4,90.65,1644358755,0
4,90.97,1644358845,0
4,91.25,1644358936,0
4,91.52,1644359027,0
4,91.73,1644359119,0
4,91.95,1644359211,0
4,92.0,1644359303,0
4,92.07,1644359395,0
4,92.15,1644359487,0
4,92.25,1644359579,0
4,92.27,1644359671,0
4,92.32,1644359763,0
4,92.4,1644359856,0
4,92.45,1644359948,0
4,92.53,1644360041,0
4,92.57,1644360133,0
4,92.58,1644360226,0
4,92.5,1644360318,0
4,92.47,1644360411,0
4,92.43,1644360503,0
4,92.42,1644360596,0
4,92.4,1644360688,0
4,92.42,1644360780,0
4,92.47,1644360873,0
4,92.52,1644360965,0
4,92.58,1644361058,0
4,92.6,1644361150,0
4,92.65,1644361243,0
4,92.65,1644361336,0
4,92.65,1644361428,0
4,92.65,1644361521,0
4,92.65,1644361614,0
4,92.67,1644361706,0
4,92.7,1644361799,0
4,92.73,1644361892,0
4,92.82,1644361984,0
4,92.83,1644362077,0
4,92.88,1644362170,0
4,92.9,1644362263,0
4,92.95,1644362356,0
4,93.0,1644362449,0
4,92.98,1644362542,0
4,92.87,1644362635,0
4,92.75,1644362728,0
4,92.48,1644362820,0
4,92.08,1644362913,0
4,91.73,1644363005,0
4,91.33,1644363097,0
4,90.95,1644363188,0
4,90.55,1644363279,0
4,90.13,1644363369,0
4,89.73,1644363460,0
4,89.35,1644363549,0
4,88.98,1644363639,0
4,88.63,1644363728,0
4,88.12,1644363816,0
4,87.6,1644363904,0
4,87.1,1644363992,0
4,86.6,1644364079,0
4,86.1,1644364166,0
4,85.45,1644364252,0
4,84.83,1644364337,0
4,84.18,1644364422,0
4,83.97,1644364506,0
4,83.78,1644364590,0
4,83.57,1644364674,0
4,83.5,1644364758,0
4,83.4,1644364841,0
4,83.33,1644364924,0
4,83.25,1644365008,0
4,83.2,1644365091,0
4,83.08,1644365174,0
4,82.92,1644365257,0
4,82.77,1644365340,0
4,82.63,1644365423,0
4,82.53,1644365506,0
4,82.47,1644365588,0
4,82.52,1644365671,0
4,82.57,1644365753,0
4,82.62,1644365836,0
4,82.62,1644365918,0
4,82.65,1644366001,0
4,82.67,1644366084,0
4,82.65,1644366166,0
4,82.62,1644366249,0
4,82.6,1644366332,0
4,82.58,1644366414,0
4,82.53,1644366497,0
4,82.52,1644366579,0
4,82.48,1644366662,0
4,82.43,1644366744,0
4,82.37,1644366827,0
4,82.33,1644366909,0
4,82.28,1644366991,0
4,82.28,1644367074,0
4,82.23,1644367156,0
4,82.23,1644367238,0
4,82.27,1644367320,0
4,82.4,1644367403,0
4,82.48,1644367485,0
4,82.58,1644367568,0
4,82.75,1644367650,0
4,83.03,1644367733,0
4,83.3,1644367816,0
4,83.78,1644367899,0
4,84.4,1644367983,0
4,84.98,1644368067,0
4,85.52,1644368152,0
4,86.03,1644368238,0
4,86.53,1644368324,0
4,87.05,1644368410,0
4,87.48,1644368498,0
4,87.92,1644368585,0
4,88.4,1644368673,0
4,88.9,1644368761,0
4,89.5,1644368850,0
4,90.12,1644368940,0
4,90.7,1644369030,0
4,91.3,1644369121,0
4,91.88,1644369212,0
4,92.47,1644369304,0
4,92.95,1644369396,0
4,93.5,1644369489,0
4,93.62,1644369583,0
4,93.7,1644369676,0
4,93.75,1644369770,0
4,93.78,1644369864,0
4,93.83,1644369958,0
4,93.83,1644370051,0
4,93.88,1644370145,0
4,93.92,1644370239,0
4,93.98,1644370333,0
4,94.07,1644370427,0
4,94.15,1644370521,0
4,94.22,1644370615,0
4,94.28,1644370709,0
4,94.35,1644370804,0
4,94.4,1644370898,0
4,94.4,1644370992,0
4,94.4,1644371087,0
4,94.4,1644371181,0
4,94.4,1644371276,0
4,94.55,1644371370,0
4,94.73,1644371465,0
4,94.98,1644371559,0
4,95.22,1644371654,0
4,95.5,1644371749,0
4,95.73,1644371845,0
4,95.93,1644371941,0
4,96.15,1644372037,0
4,96.38,1644372133,0
4,96.62,1644372229,0
4,96.83,1644372326,0
4,97.07,1644372423,0
4,97.25,1644372520,0
4,97.47,1644372617,0
4,97.7,1644372714,0
4,97.92,1644372812,0
4,98.07,1644372910,0
4,98.2,1644373008,0
4,98.32,1644373106,0
4,98.43,1644373205,0
4,98.43,1644373303,0
4,98.47,1644373401,0
4,98.47,1644373500,0
4,98.38,1644373598,0
4,98.25,1644373697,0
4,98.13,1644373795,0
4,98.0,1644373893,0
4,97.93,1644373991,0
4,97.87,1644374089,0
4,97.9,1644374187,0
4,97.98,1644374285,0
4,97.77,1644374383,0
4,97.52,1644374481,0
4,97.27,1644374578,0
4,96.8,1644374675,0
4,96.37,1644374772,0
4,95.93,1644374869,0
4,95.53,1644374965,0
4,95.18,1644375060,0
4,94.78,1644375155,0
4,94.35,1644375250,0
4,93.92,1644375344,0
4,93.35,1644375438,0
4,92.87,1644375532,0
4,92.4,1644375625,0
4,92.15,1644375717,0
4,91.9,1644375809,0
4,91.62,1644375901,0
4,91.42,1644375993,0
4,91.22,1644376084,0
4,90.98,1644376175,0
4,90.75,1644376266,0
4,90.52,1644376357,0
4,90.28,1644376447,0
4,90.02,1644376538,0
4,89.75,1644376628,0
4,89.5,1644376718,0
4,89.27,1644376807,0
4,89.07,1644376896,0
4,88.85,1644376985,0
4,88.5,1644377074,0
4,88.12,1644377163,0
4,87.68,1644377251,0
4,87.25,1644377339,0
4,86.77,1644377426,0
4,86.32,1644377513,0
4,85.9,1644377599,0
4,85.47,1644377685,0
4,85.03,1644377770,0
4,84.58,1644377855,0
4,84.1,1644377940,0
4,83.67,1644378024,0
4,83.23,1644378108,0
4,82.75,1644378191,0
4,82.25,1644378274,0
4,81.7,1644378356,0
4,81.13,1644378438,0
4,80.58,1644378519,0
4,80.02,1644378599,0
4,79.4,1644378679,0
4,78.88,1644378759,0
4,78.35,1644378838,0
4,77.83,1644378916,0
4,77.4,1644378994,0
4,77.02,1644379071,0
4,76.65,1644379148,0
4,76.28,1644379225,0
4,75.87,1644379301,0
4,75.45,1644379377,0
4,75.0,1644379452,0
4,74.52,1644379527,0
4,74.27,1644379602,0
4,74.02,1644379676,0
4,73.8,1644379750,0
4,73.78,1644379824,0
4,73.75,1644379898,0
4,73.7,1644379972,0
4,73.62,1644380045,0
4,73.53,1644380119,0
4,73.53,1644380192,0
4,73.55,1644380266,0
4,73.58,1644380339,0
4,73.78,1644380413,0
4,73.92,1644380487,0
4,74.05,1644380561,0
4,73.98,1644380635,0
4,73.93,1644380709,0
4,73.85,1644380783,0
4,73.75,1644380857,0
4,73.65,1644380930,0
4,73.57,1644381004,0
4,73.5,1644381078,0
4,73.45,1644381151,0
4,73.38,1644381224,0
4,73.37,1644381298,0
4,73.37,1644381371,0
4,73.37,1644381445,0
4,73.35,1644381518,0
4,73.3,1644381591,0
4,73.22,1644381665,0
4,73.08,1644381738,0
4,73.0,1644381811,0
4,72.9,1644381884,0
4,72.83,1644381957,0
4,72.78,1644382030,0
4,72.75,1644382102,0
4,72.77,1644382175,0
4,72.83,1644382248,0
4,72.9,1644382321,0
4,72.95,1644382394,0
4,73.03,1644382467,0
4,73.08,1644382540,0
4,73.1,1644382613,0
4,73.17,1644382686,0
4,73.28,1644382759,0
4,73.42,1644382832,0
4,73.57,1644382906,0
4,73.75,1644382979,0
4,73.92,1644383053,0
4,74.1,1644383127,0
4,74.28,1644383201,0
4,74.45,1644383275,0
4,74.58,1644383350,0
4,74.68,1644383424,0
4,74.8,1644383499,0
4,74.88,1644383574,0
4,74.98,1644383649,0
4,75.08,1644383724,0
4,75.2,1644383799,0
4,75.32,1644383874,0
4,75.42,1644383949,0
4,75.53,1644384025,0
4,75.68,1644384100,0
4,75.78,1644384176,0
4,75.92,1644384252,0
4,76.03,1644384328,0
4,76.15,1644384404,0
4,76.28,1644384480,0
4,76.42,1644384556,0
4,76.55,1644384633,0
4,76.67,1644384709,0
4,76.78,1644384786,0
4,76.9,1644384863,0
4,77.0,1644384939,0
4,77.1,1644385016,0
4,77.22,1644385094,0
4,77.35,1644385171,0
4,77.47,1644385248,0
4,77.57,1644385326,0
4,77.67,1644385403,0
4,77.77,1644385481,0
4,77.82,1644385559,0
4,77.85,1644385636,0
4,77.88,1644385714,0
4,77.88,1644385792,0
4,77.85,1644385870,0
4,77.83,1644385948,0
4,77.82,1644386026,0
4,77.83,1644386103,0
4,77.88,1644386181,0
4,77.97,1644386259,0
4,78.03,1644386337,0
4,78.08,1644386415,0
4,78.12,1644386493,0
4,78.15,1644386571,0
4,78.15,1644386650,0
4,78.12,1644386728,0
4,78.05,1644386806,0
4,77.98,1644386884,0
4,77.93,1644386962,0
4,77.87,1644387040,0
4,77.8,1644387118,0
4,77.77,1644387195,0
4,77.68,1644387273,0
4,77.55,1644387351,0
4,77.4,1644387428,0
4,77.25,1644387506,0
4,77.1,1644387583,0
4,76.98,1644387660,0
4,76.9,1644387737,0
4,76.83,1644387814,0
4,76.75,1644387891,0
4,76.67,1644387968,0
4,76.58,1644388044,0
4,76.5,1644388121,0
4,76.45,1644388197,0
4,76.4,1644388274,0
4,76.37,1644388350,0
4,76.35,1644388427,0
4,76.32,1644388503,0
4,76.28,1644388579,0
4,76.22,1644388656,0
4,76.13,1644388732,0
4,76.08,1644388808,0
4,76.0,1644388884,0
4,75.93,1644388960,0
4,75.9,1644389036,0
4,75.9,1644389112,0
4,75.88,1644389188,0
4,75.88,1644389264,0
4,75.9,1644389339,0
4,75.88,1644389415,0
4,75.85,1644389491,0
4,75.85,1644389567,0
4,75.83,1644389643,0
4,75.78,1644389719,0
4,75.68,1644389795,0
4,75.63,1644389870,0
4,75.58,1644389946,0
4,75.53,1644390021,0
4,75.5,1644390097,0
4,75.5,1644390173,0
4,75.48,1644390248,0
4,75.45,1644390323,0
4,75.4,1644390399,0
4,75.4,1644390474,0
4,75.37,1644390550,0
4,75.3,1644390625,0
4,75.22,1644390700,0
4,75.13,1644390776,0
4,75.1,1644390851,0
4,75.03,1644390926,0
4,75.02,1644391001,0
4,75.02,1644391076,0
4,75.0,1644391151,0
4,74.95,1644391226,0
4,74.77,1644391301,0
4,74.8,1644391376,0
4,74.82,1644391450,0
4,74.85,1644391525,0
4,74.87,1644391600,0
4,74.87,1644391675,0
4,74.9,1644391750,0
4,74.95,1644391825,0
4,75.03,1644391900,0
4,75.17,1644391975,0
4,75.33,1644392050,0
4,75.5,1644392125,0
4,75.68,1644392201,0
4,75.87,1644392276,0
4,76.02,1644392352,0
4,76.18,1644392428,0
4,76.23,1644392504,0
4,76.33,1644392581,0
4,76.38,1644392657,0
4,76.42,1644392733,0
4,76.45,1644392810,0
4,76.5,1644392886,0
4,76.52,1644392963,0
4,76.52,1644393039,0
4,76.5,1644393116,0
4,76.52,1644393192,0
4,76.53,1644393269,0
4,76.55,1644393345,0
4,76.47,1644393422,0
4,76.38,1644393498,0
4,76.3,1644393575,0
4,76.2,1644393651,0
4,76.1,1644393727,0
4,76.0,1644393803,0
4,75.9,1644393879,0
4,75.83,1644393955,0
4,75.77,1644394031,0
4,75.68,1644394107,0
4,75.58,1644394183,0
4,75.48,1644394258,0
4,75.42,1644394334,0
4,75.32,1644394409,0
4,75.2,1644394484,0
4,75.08,1644394560,0
4,74.95,1644394635,0
4,74.82,1644394710,0
4,74.7,1644394784,0
4,74.63,1644394859,0
4,74.62,1644394934,0
4,74.57,1644395008,0
4,74.55,1644395083,0
4,74.57,1644395157,0
4,74.58,1644395232,0
4,74.62,1644395307,0
4,74.62,1644395381,0
4,74.62,1644395456,0
4,74.6,1644395530,0
4,74.55,1644395605,0
4,74.52,1644395680,0
4,74.53,1644395754,0
4,74.67,1644395829,0
4,74.55,1644395903,0
4,74.45,1644395978,0
4,74.37,1644396052,0
4,74.3,1644396127,0
4,74.23,1644396201,0
4,74.13,1644396275,0
4,74.03,1644396349,0
4,73.93,1644396423,0
4,73.8,1644396497,0
4,73.63,1644396571,0
4,73.43,1644396645,0
4,73.23,1644396718,0
4,73.03,1644396791,0
4,72.87,1644396864,0
4,72.72,1644396937,0
4,72.65,1644397010,0
4,72.57,1644397083,0
4,72.52,1644397155,0
4,72.48,1644397228,0
4,72.45,1644397300,0
4,72.38,1644397373,0
4,72.32,1644397445,0
4,72.28,1644397517,0
4,72.23,1644397590,0
4,72.15,1644397662,0
4,72.07,1644397734,0
4,71.97,1644397806,0
4,71.98,1644397878,0
4,72.0,1644397950,0
4,72.02,1644398022,0
4,72.03,1644398094,0
4,72.03,1644398166,0
4,72.03,1644398238,0
4,72.03,1644398310,0
4,72.02,1644398382,0
4,72.0,1644398454,0
4,71.98,1644398526,0
4,71.95,1644398598,0
4,71.92,1644398670,0
4,71.87,1644398742,0
4,71.83,1644398814,0
4,71.8,1644398886,0
4,71.78,1644398958,0
4,71.78,1644399029,0
4,71.78,1644399101,0
4,71.78,1644399173,0
4,71.77,1644399245,0
4,71.72,1644399317,0
4,71.67,1644399388,0
4,71.58,1644399460,0
4,71.52,1644399531,0
4,71.4,1644399603,0
4,71.28,1644399674,0
4,71.17,1644399746,0
4,71.07,1644399817,0
4,70.97,1644399888,0
4,70.87,1644399959,0
4,70.77,1644400030,0
4,70.67,1644400101,0
4,70.55,1644400171,0
4,70.45,1644400242,0
4,70.35,1644400312,0
4,70.23,1644400383,0
4,70.12,1644400453,0
4,70.05,1644400523,0
4,70.02,1644400593,0
4,70.0,1644400663,0
4,69.98,1644400733,0
4,69.98,1644400803,0
4,69.98,1644400873,0
4,69.98,1644400943,0
4,69.97,1644401013,0
4,69.93,1644401083,0
4,69.9,1644401153,0
4,69.85,1644401223,0
4,69.82,1644401293,0
4,69.73,1644401362,0
4,69.62,1644401432,0
4,69.5,1644401502,0
4,69.4,1644401571,0
4,69.3,1644401641,0
4,69.22,1644401710,0
4,69.12,1644401779,0
4,68.9,1644401848,0
4,68.65,1644401917,0
4,68.43,1644401986,0
4,68.25,1644402054,0
4,68.15,1644402122,0
4,68.03,1644402191,0
4,67.88,1644402259,0
4,67.73,1644402327,0
4,67.62,1644402394,0
4,67.52,1644402462,0
4,67.43,1644402529,0
4,67.38,1644402597,0
4,67.35,1644402664,0
4,67.38,1644402732,0
4,67.43,1644402799,0
4,67.5,1644402866,0
4,67.58,1644402934,0
4,67.65,1644403001,0
4,67.7,1644403069,0
4,67.73,1644403137,0
4,68.05,1644403205,0
4,68.37,1644403273,0
4,68.67,1644403341,0
4,68.95,1644403410,0
4,69.25,1644403479,0
4,69.55,1644403548,0
4,69.87,1644403617,0
4,70.17,1644403687,0
4,70.5,1644403757,0
4,70.78,1644403828,0
4,71.0,1644403899,0
4,71.18,1644403970,0
4,71.38,1644404041,0
4,71.6,1644404112,0
4,71.83,1644404184,0
4,72.05,1644404256,0
4,72.3,1644404328,0
4,72.55,1644404400,0
4,72.8,1644404473,0
4,73.03,1644404545,0
4,73.25,1644404618,0
4,73.43,1644404692,0
4,73.62,1644404765,0
4,73.8,1644404839,0
4,73.87,1644404913,0
4,73.92,1644404986,0
4,73.95,1644405060,0
4,74.03,1644405134,0
4,74.13,1644405208,0
4,74.28,1644405282,0
4,74.4,1644405357,0
4,74.53,1644405431,0
4,74.67,1644405506,0
4,74.82,1644405580,0
4,75.0,1644405655,0
4,75.17,1644405730,0
4,75.33,1644405805,0
4,75.5,1644405881,0
4,75.65,1644405956,0
4,75.83,1644406032,0
4,76.17,1644406108,0
4,76.57,1644406184,0
4,76.93,1644406260,0
4,77.3,1644406337,0
4,77.58,1644406415,0
4,77.88,1644406492,0
4,78.22,1644406570,0
4,78.55,1644406648,0
4,78.85,1644406727,0
4,79.1,1644406806,1
4,79.38,1644406885,1
4,79.63,1644406964,1
4,79.85,1644407044,1
4,80.0,1644407124,1
4,80.17,1644407204,0
4,80.33,1644407284,0
4,80.32,1644407364,0
4,80.33,1644407444,1
4,80.37,1644407525,1
4,80.43,1644407605,1
4,80.23,1644407686,1
4,80.03,1644407766,1
4,79.88,1644407846,1
4,79.77,1644407926,1
4,79.67,1644408005,1
4,79.53,1644408085,0
4,79.42,1644408165,0
4,79.3,1644408244,0
4,79.2,1644408323,1
4,79.12,1644408403,1
4,79.08,1644408482,0
4,79.07,1644408561,0
4,79.03,1644408640,0
4,79.02,1644408719,0
4,78.97,1644408798,0
4,78.95,1644408877,0
4,78.9,1644408956,0
4,78.87,1644409035,0
4,78.83,1644409114,0
4,78.82,1644409192,0
4,78.83,1644409271,0
4,78.87,1644409350,0
4,78.88,1644409429,0
4,78.88,1644409508,0
4,78.98,1644409587,0
4,79.07,1644409666,0
4,79.17,1644409745,0
4,79.23,1644409824,0
4,79.3,1644409903,0
4,79.33,1644409982,0
4,79.37,1644410062,0
4,79.4,1644410141,0
4,79.45,1644410221,0
4,79.52,1644410300,0
4,79.55,1644410380,0
4,79.58,1644410459,0
4,79.58,1644410539,0
4,79.57,1644410618,0
4,79.53,1644410698,0
4,79.47,1644410777,0
4,79.4,1644410857,0
4,79.33,1644410936,0
4,79.27,1644411016,0
4,79.23,1644411095,0
4,79.17,1644411174,0
4,79.12,1644411253,0
4,79.05,1644411332,0
4,78.97,1644411411,0
4,78.88,1644411490,0
4,78.83,1644411569,0
4,78.73,1644411648,0
4,78.67,1644411727,0
4,78.58,1644411805,0
4,78.53,1644411884,0
4,78.48,1644411963,0
4,78.43,1644412041,0
4,78.57,1644412119,0
4,78.7,1644412198,0
4,78.85,1644412277,0
4,78.98,1644412356,0
4,79.12,1644412435,0
4,79.25,1644412514,0
4,79.35,1644412593,0
4,79.45,1644412672,0
4,79.58,1644412752,0
4,79.73,1644412831,0
4,79.87,1644412911,0
4,80.0,1644412991,0
4,80.13,1644413071,0
4,80.2,1644413151,0
4,80.22,1644413231,0
4,80.22,1644413311,0
4,80.2,1644413392,0
4,80.17,1644413472,0
4,80.17,1644413552,0
4,80.1,1644413632,0
4,80.02,1644413712,0
4,79.93,1644413792,0
4,79.87,1644413872,0
4,79.77,1644413952,0
4,79.62,1644414032,0
4,79.42,1644414112,0
4,79.17,1644414191,0
4,78.92,1644414270,0
4,78.68,1644414349,0
4,78.43,1644414428,0
4,78.12,1644414506,0
4,77.8,1644414584,0
4,77.47,1644414662,0
4,77.17,1644414740,0
4,77.02,1644414817,0
4,76.9,1644414894,0
4,76.72,1644414971,0
4,76.52,1644415047,0
4,76.35,1644415124,0
4,76.23,1644415200,0
4,76.17,1644415276,0
4,76.05,1644415353,0
4,75.93,1644415429,0
4,75.82,1644415505,0
4,75.67,1644415580,0
4,75.48,1644415656,0
4,75.3,1644415732,0
4,75.07,1644415807,0
4,74.85,1644415882,0
4,74.63,1644415957,0
4,74.38,1644416031,0
4,74.17,1644416106,0
4,73.98,1644416180,0
4,73.8,1644416254,0
4,73.57,1644416328,0
4,73.32,1644416401,0
4,73.1,1644416475,0
4,72.83,1644416548,0
4,72.55,1644416621,0
4,72.25,1644416693,0
4,71.95,1644416765,0
4,71.63,1644416837,0
4,71.32,1644416909,0
4,71.03,1644416980,0
4,70.75,1644417051,0
4,70.47,1644417122,0
4,70.17,1644417193,0
4,69.85,1644417263,0
4,69.47,1644417333,0
4,69.1,1644417402,0
4,68.73,1644417471,0
4,68.37,1644417540,0
4,67.98,1644417608,0
4,67.62,1644417676,0
4,67.27,1644417744,0
4,66.9,1644417811,0
4,66.53,1644417878,0
4,66.17,1644417945,0
4,65.95,1644418011,0
4,66.0,1644418077,0
4,66.07,1644418143,0
4,65.83,1644418209,0
4,65.6,1644418275,0
4,65.4,1644418340,0
4,65.25,1644418406,0
4,65.05,1644418471,0
4,64.88,1644418536,0
4,64.67,1644418601,0
4,64.4,1644418665,0
4,64.17,1644418730,0
4,63.93,1644418794,0
4,63.83,1644418858,0
4,63.73,1644418922,0
4,63.72,1644418985,0
4,63.55,1644419049,0
4,63.35,1644419113,0
4,63.22,1644419176,0
4,63.12,1644419239,0
4,63.05,1644419302,0
4,62.95,1644419365,0
4,62.8,1644419428,0
4,62.72,1644419491,0
4,62.67,1644419554,0
4,62.65,1644419617,0
4,62.72,1644419679,0
4,62.82,1644419742,0
4,62.93,1644419805,0
4,63.02,1644419868,0
4,63.15,1644419931,0
4,63.28,1644419994,0
4,63.4,1644420057,0
4,63.5,1644420121,0
4,63.57,1644420184,0
4,63.62,1644420248,0
4,63.72,1644420311,0
4,63.82,1644420375,0
4,63.95,1644420439,0
4,64.13,1644420503,0
4,64.23,1644420567,0
4,64.28,1644420631,0
4,64.33,1644420695,0
4,64.4,1644420760,0
4,64.47,1644420824,0
4,64.48,1644420889,0
4,64.48,1644420953,0
4,64.48,1644421018,0
4,64.52,1644421082,0
4,64.55,1644421147,0
4,64.6,1644421211,0
4,64.63,1644421276,0
4,64.67,1644421340,0
4,64.72,1644421405,0
4,64.95,1644421470,0
4,65.38,1644421535,0
4,65.8,1644421600,0
4,66.23,1644421666,0
4,66.7,1644421732,0
4,67.2,1644421799,0
4,67.5,1644421866,0
4,67.62,1644421933,0
4,67.77,1644422001,0
4,68.2,1644422069,0
4,68.68,1644422137,0
4,69.17,1644422206,0
4,69.62,1644422275,0
4,70.12,1644422345,0
4,70.62,1644422415,0
4,71.18,1644422485,0
4,71.77,1644422556,0
4,72.4,1644422628,0
4,73.15,1644422701,0
4,73.7,1644422774,0
4,74.18,1644422847,0
4,74.53,1644422922,0
4,74.92,1644422996,0
4,75.32,1644423071,0
4,75.63,1644423146,0
4,75.9,1644423222,0
4,76.1,1644423298,0
4,76.37,1644423374,0
4,76.63,1644423450,0
4,76.85,1644423527,0
4,77.05,1644423604,0
4,77.17,1644423681,0
4,77.23,1644423758,0
4,77.3,1644423835,0
4,77.37,1644423913,0
4,77.55,1644423990,0
4,77.72,1644424068,0
4,77.97,1644424145,0
4,78.3,1644424223,0
4,78.65,1644424302,0
4,79.0,1644424380,0
4,79.35,1644424459,0
4,79.78,1644424539,0
4,80.17,1644424618,0
4,80.4,1644424699,0
4,80.67,1644424779,0
4,81.02,1644424860,0
4,81.38,1644424941,0
4,81.8,1644425022,0
4,81.97,1644425104,0
4,82.1,1644425186,0
4,82.27,1644425268,0
4,82.43,1644425350,0
4,82.6,1644425433,0
4,82.73,1644425515,0
4,82.87,1644425598,0
4,82.97,1644425681,0
4,83.13,1644425764,0
4,83.42,1644425847,0
4,83.65,1644425930,0
4,83.68,1644426014,0
4,83.6,1644426098,0
4,83.53,1644426181,0
4,83.62,1644426265,0
4,83.65,1644426348,0
4,83.6,1644426432,0
4,83.55,1644426516,0
4,83.43,1644426599,0
4,83.28,1644426683,0
4,83.08,1644426766,0
4,82.85,1644426849,0
4,82.62,1644426932,0
4,82.43,1644427014,0
4,82.32,1644427097,0
4,82.22,1644427179,0
4,82.12,1644427261,0
4,82.03,1644427344,0
4,81.9,1644427426,0
4,81.62,1644427507,0
4,81.43,1644427589,0
4,81.25,1644427671,0
4,81.08,1644427752,0
4,80.87,1644427833,0
4,80.67,1644427914,0
4,80.45,1644427994,0
4,80.32,1644428075,0
4,80.22,1644428155,0
4,80.03,1644428235,0
4,79.8,1644428315,0
4,79.63,1644428395,0
4,79.45,1644428475,0
4,79.33,1644428554,0
4,79.22,1644428634,0
4,79.1,1644428713,0
4,78.8,1644428792,0
4,78.4,1644428871,0
4,78.02,1644428949,0
4,77.57,1644429027,0
4,77.12,1644429105,0
4,76.65,1644429182,0
4,76.2,1644429258,0
4,75.75,1644429335,0
4,75.22,1644429410,0
4,74.73,1644429486,0
4,74.38,1644429560,0
4,73.98,1644429635,0
4,73.6,1644429709,0
4,73.27,1644429782,0
4,72.88,1644429856,0
4,72.73,1644429928,0
4,72.62,1644430001,0
4,72.47,1644430074,0
4,72.32,1644430146,0
4,72.2,1644430219,0
4,72.13,1644430291,0
4,72.07,1644430363,0
4,72.02,1644430435,0
4,71.9,1644430507,0
4,71.65,1644430579,0
4,71.4,1644430651,0
4,71.17,1644430722,0
4,70.9,1644430793,0
4,70.65,1644430864,0
4,70.28,1644430935,0
4,69.95,1644431005,0
4,69.63,1644431075,0
4,69.35,1644431145,0
4,69.08,1644431214,0
4,68.83,1644431283,0
4,68.65,1644431352,0
4,68.35,1644431420,0
4,68.0,1644431489,0
4,67.97,1644431557,0
4,67.85,1644431625,0
4,67.72,1644431693,0
4,67.58,1644431760,0
4,67.43,1644431828,0
4,67.27,1644431895,0
4,67.18,1644431963,0
4,67.05,1644432030,0
4,66.98,1644432097,0
4,66.92,1644432164,0
4,66.88,1644432231,0
4,66.82,1644432298,0
4,66.82,1644432364,0
4,66.78,1644432431,0
4,66.73,1644432498,0
4,66.7,1644432565,0
4,66.75,1644432632,0
4,66.78,1644432698,0
4,66.85,1644432765,0
4,66.9,1644432832,0
4,66.93,1644432899,0
4,66.97,1644432966,0
4,67.15,1644433033,0
4,67.33,1644433100,0
4,67.47,1644433167,0
4,67.55,1644433235,0
4,67.6,1644433302,0
4,67.65,1644433370,0
4,67.7,1644433437,0
4,67.78,1644433505,0
4,67.87,1644433573,0
4,67.95,1644433641,0
4,68.03,1644433709,0
4,68.12,1644433777,0
4,68.2,1644433845,0
4,68.27,1644433913,0
4,68.33,1644433981,0
4,68.38,1644434050,0
4,68.4,1644434118,0
4,68.4,1644434186,0
4,68.38,1644434255,0
4,68.33,1644434323,0
4,68.25,1644434392,0
4,68.17,1644434460,0
4,68.1,1644434528,0
4,68.07,1644434596,0
4,68.05,1644434664,0
4,68.05,1644434732,0
4,68.05,1644434800,0
4,68.03,1644434868,0
4,68.02,1644434936,0
4,67.98,1644435004,0
4,67.95,1644435072,0
4,67.97,1644435140,0
4,67.97,1644435208,0
4,67.97,1644435276,0
4,67.97,1644435344,0
4,67.97,1644435412,0
4,68.05,1644435480,0
4,68.17,1644435548,0
4,67.9,1644435616,0
4,67.67,1644435684,0
4,67.42,1644435752,0
4,67.18,1644435819,0
4,66.98,1644435887,0
4,66.8,1644435954,0
4,66.63,1644436020,0
4,66.5,1644436087,0
4,66.22,1644436153,0
4,65.87,1644436220,0
4,65.92,1644436286,0
4,65.95,1644436351,0
4,66.0,1644436417,0
4,66.03,1644436483,0
4,66.08,1644436549,0
4,66.13,1644436616,0
4,66.17,1644436682,0
4,66.2,1644436748,0
4,66.22,1644436814,0
4,66.25,1644436880,0
4,66.32,1644436947,0
4,66.37,1644437013,0
4,66.43,1644437079,0
4,66.52,1644437146,0
4,66.6,1644437212,0
4,66.72,1644437279,0
4,66.8,1644437345,0
4,66.85,1644437412,0
4,66.9,1644437479,0
4,66.98,1644437546,0
4,67.07,1644437613,0
4,67.15,1644437680,0
4,67.22,1644437747,0
4,67.43,1644437814,0
4,67.63,1644437882,0
4,67.8,1644437949,0
4,68.02,1644438017,0
4,68.32,1644438085,0
4,68.6,1644438154,0
4,68.88,1644438222,0
4,69.15,1644438291,0
4,69.4,1644438360,0
4,69.65,1644438430,0
4,69.9,1644438499,0
4,70.23,1644438569,0
4,70.53,1644438639,0
4,70.73,1644438710,0
4,70.93,1644438781,0
4,71.13,1644438852,0
4,71.33,1644438923,0
4,71.55,1644438994,0
4,71.78,1644439066,0
4,71.88,1644439137,0
4,71.95,1644439209,0
4,72.05,1644439281,0
4,72.17,1644439353,0
4,72.28,1644439425,0
4,72.4,1644439498,0
4,72.53,1644439570,0
4,72.67,1644439643,0
4,72.87,1644439715,0
4,73.07,1644439788,0
4,73.3,1644439861,0
4,73.47,1644439935,0
4,73.62,1644440008,0
4,73.78,1644440082,0
4,73.92,1644440155,0
4,74.02,1644440229,0
4,74.27,1644440303,0
4,74.6,1644440378,0
4,74.48,1644440452,0
4,74.33,1644440527,0
4,74.17,1644440601,0
4,74.07,1644440675,0
4,73.93,1644440749,0
4,73.78,1644440823,0
4,73.72,1644440897,0
4,73.65,1644440971,0
4,73.58,1644441044,0
4,73.5,1644441118,0
4,73.4,1644441191,0
4,73.42,1644441265,0
4,73.45,1644441338,0
4,73.48,1644441412,0
4,73.48,1644441485,0
4,73.45,1644441559,0
4,73.43,1644441632,0
4,73.35,1644441706,0
4,73.27,1644441779,0
4,73.13,1644441852,0
4,72.98,1644441925,0
4,72.83,1644441998,0
4,72.68,1644442071,0
4,72.53,1644442144,0
4,72.42,1644442216,0
4,72.33,1644442289,0
4,72.2,1644442361,0
4,72.02,1644442433,0
4,71.88,1644442505,0
4,71.7,1644442577,0
4,71.6,1644442649,0
4,71.52,1644442721,0
4,71.43,1644442792,0
4,71.35,1644442863,0
4,71.17,1644442935,0
4,71.0,1644443006,0
4,70.93,1644443077,0
4,70.88,1644443148,0
4,70.83,1644443219,0
4,70.8,1644443290,0
4,70.75,1644443360,0
4,70.68,1644443431,0
4,70.75,1644443502,0
4,70.83,1644443573,0
4,70.92,1644443643,0
4,71.0,1644443714,0
4,71.08,1644443785,0
4,71.2,1644443856,0
4,71.32,1644443928,0
4,71.45,1644443999,0
4,71.53,1644444070,0
4,71.63,1644444142,0
4,71.72,1644444214,0
4,71.83,1644444285,0
4,71.93,1644444357,0
4,72.0,1644444429,0
4,72.08,1644444501,0
4,72.12,1644444573,0
4,72.3,1644444645,0
4,72.47,1644444718,0
4,72.67,1644444790,0
4,72.9,1644444863,0
4,73.12,1644444936,0
4,73.25,1644445009,0
4,73.38,1644445082,0
4,73.5,1644445155,0
4,73.5,1644445229,0
4,73.48,1644445302,0
4,73.47,1644445376,0
4,73.45,1644445449,0
4,73.43,1644445523,0
4,73.27,1644445596,0
4,73.07,1644445669,0
4,72.83,1644445743,0
4,72.62,1644445815,0
4,72.42,1644445888,0
4,72.23,1644445960,0
4,72.15,1644446033,0
4,72.07,1644446105,0
4,71.95,1644446177,0
4,71.85,1644446249,0
4,71.95,1644446321,0
4,72.05,1644446393,0
4,72.02,1644446465,0
4,71.95,1644446537,0
4,71.88,1644446609,0
4,71.82,1644446680,0
4,71.75,1644446752,0
4,71.7,1644446824,0
4,71.72,1644446896,0
4,71.72,1644446967,0
4,71.72,1644447039,0
4,71.72,1644447111,0
4,71.72,1644447183,0
4,71.7,1644447254,0
4,71.67,1644447326,0
4,71.63,1644447398,0
4,71.58,1644447469,0
4,71.52,1644447541,0
4,71.48,1644447612,0
4,71.52,1644447684,0
4,71.6,1644447755,0
4,71.7,1644447827,0
4,71.83,1644447899,0
4,71.95,1644447971,0
4,72.07,1644448043,0
4,72.17,1644448115,0
4,72.23,1644448187,0
4,72.28,1644448259,0
4,72.33,1644448331,0
4,72.33,1644448404,0
4,72.2,1644448476,0
4,72.02,1644448548,0
4,71.8,1644448620,0
4,71.57,1644448692,0
4,71.33,1644448764,0
4,71.15,1644448835,0
4,71.17,1644448906,0
4,70.97,1644448977,0
4,70.78,1644449048,0
4,70.58,1644449119,0
4,70.42,1644449190,0
4,70.28,1644449260,0
4,70.28,1644449330,0
4,70.3,1644449400,0
4,70.33,1644449471,0
4,70.38,1644449541,0
4,70.43,1644449611,0
4,70.47,1644449682,0
4,70.42,1644449752,0
4,70.43,1644449823,0
4,70.52,1644449893,0
4,70.63,1644449964,0
4,70.78,1644450034,0
4,70.97,1644450105,0
4,71.15,1644450176,0
4,71.33,1644450247,0
4,71.5,1644450319,0
4,71.67,1644450390,0
4,71.85,1644450462,0
4,72.03,1644450534,0
4,72.0,1644450606,0
4,71.97,1644450678,0
4,71.9,1644450750,0
4,71.72,1644450822,0
4,71.55,1644450893,0
4,71.5,1644450965,0
4,71.42,1644451036,0
4,71.27,1644451108,0
4,71.25,1644451179,0
4,71.22,1644451250,0
4,71.2,1644451321,0
4,71.2,1644451393,0
4,71.2,1644451464,0
4,71.1,1644451535,0
4,71.12,1644451606,0
4,71.12,1644451677,0
4,71.08,1644451748,0
4,71.03,1644451819,0
4,70.95,1644451891,0
4,70.8,1644451961,0
4,70.58,1644452032,0
4,70.35,1644452103,0
4,70.08,1644452173,0
4,69.82,1644452243,0
4,69.55,1644452313,0
4,69.33,1644452383,0
4,69.13,1644452452,0
4,68.93,1644452521,0
4,68.73,1644452590,0
4,68.6,1644452659,0
4,68.58,1644452727,0
4,68.62,1644452796,0
4,68.68,1644452865,0
4,68.77,1644452933,0
4,68.87,1644453002,0
4,68.87,1644453071,0
4,68.7,1644453140,0
4,68.82,1644453208,0
4,68.92,1644453277,0
4,69.07,1644453346,0
4,69.27,1644453415,0
4,69.45,1644453485,0
4,69.5,1644453554,0
4,69.55,1644453623,0
4,69.62,1644453693,0
4,69.67,1644453763,0
4,69.75,1644453832,0
4,69.83,1644453902,0
4,70.02,1644453972,0
4,70.12,1644454042,0
4,70.18,1644454112,0
4,70.3,1644454182,0
4,70.27,1644454253,0
4,70.2,1644454323,0
4,70.13,1644454393,0
4,70.05,1644454463,0
4,69.98,1644454533,0
4,69.9,1644454603,0
4,69.85,1644454673,0
4,69.83,1644454743,0
4,69.83,1644454813,0
4,69.87,1644454883,0
4,69.93,1644454952,0
4,70.15,1644455022,0
4,70.37,1644455093,0
4,70.48,1644455163,0
4,70.63,1644455233,0
4,70.82,1644455304,0
4,70.9,1644455375,0
4,70.93,1644455446,0
4,70.92,1644455517,0
4,70.85,1644455588,0
4,70.78,1644455658,0
4,70.95,1644455729,0
4,71.0,1644455800,0
4,71.03,1644455871,0
4,71.08,1644455942,0
4,71.47,1644456013,0
4,71.83,1644456085,0
4,72.2,1644456157,0
4,72.58,1644456229,0
4,72.98,1644456301,0
4,73.33,1644456374,0
4,73.73,1644456448,0
4,74.15,1644456521,0
4,74.55,1644456596,0
4,74.97,1644456670,0
4,75.35,1644456745,0
4,75.75,1644456820,0
4,76.13,1644456896,0
4,76.43,1644456972,0
4,76.8,1644457049,0
4,77.3,1644457126,0
4,77.82,1644457203,0
4,78.38,1644457281,0
4,78.95,1644457359,0
4,79.62,1644457438,0
4,80.1,1644457518,0
4,80.53,1644457598,0
4,80.92,1644457678,0
4,81.28,1644457759,0
4,81.63,1644457840,0
4,81.62,1644457922,0
4,81.53,1644458004,0
4,81.45,1644458085,0
4,81.38,1644458167,0
4,81.32,1644458248,0
4,81.27,1644458329,0
4,81.2,1644458411,0
4,81.13,1644458492,0
4,81.07,1644458573,0
4,80.92,1644458654,0
4,80.9,1644458735,0
4,80.9,1644458816,0
4,80.9,1644458897,0
4,80.92,1644458978,0
4,80.93,1644459059,0
4,80.97,1644459139,0
4,80.98,1644459220,0
4,80.95,1644459301,0
4,80.93,1644459382,0
4,80.88,1644459463,0
4,80.82,1644459544,0
4,80.75,1644459625,0
4,80.68,1644459706,0
4,80.6,1644459786,0
4,80.52,1644459867,0
4,80.43,1644459948,0
4,80.3,1644460028,0
4,80.17,1644460108,0
4,80.07,1644460188,0
4,80.0,1644460269,0
4,79.93,1644460349,0
4,79.75,1644460428,0
4,79.58,1644460508,0
4,79.45,1644460588,0
4,79.33,1644460667,0
4,78.93,1644460747,0
4,78.55,1644460826,0
4,78.22,1644460904,0
4,77.9,1644460982,0
4,77.58,1644461060,0
4,77.33,1644461138,0
4,77.03,1644461215,0
4,76.72,1644461292,0
4,76.37,1644461369,0
4,75.97,1644461445,0
4,75.58,1644461521,0
4,75.17,1644461597,0
4,74.75,1644461672,0
4,74.4,1644461747,0
4,74.02,1644461821,0
4,73.5,1644461895,0
4,72.98,1644461969,0
4,72.43,1644462042,0
4,71.97,1644462114,0
4,71.45,1644462186,0
4,70.92,1644462257,0
4,70.45,1644462328,0
4,70.05,1644462399,0
4,69.6,1644462469,0
4,69.18,1644462538,0
4,69.17,1644462608,0
4,69.23,1644462677,0
4,69.32,1644462746,0
4,69.43,1644462815,0
4,69.55,1644462885,0
4,69.68,1644462954,0
4,69.83,1644463024,0
4,70.02,1644463094,0
4,70.22,1644463164,0
4,70.43,1644463234,0
4,70.68,1644463305,0
4,70.92,1644463375,0
4,71.12,1644463446,0
4,71.3,1644463517,0
4,71.48,1644463589,0
4,71.67,1644463660,0
4,71.83,1644463732,0
4,72.02,1644463804,0
4,72.17,1644463876,0
4,72.3,1644463948,0
4,72.42,1644464020,0
4,72.53,1644464092,0
4,72.72,1644464165,0
4,72.85,1644464238,0
4,72.97,1644464311,0
4,73.12,1644464383,0
4,73.27,1644464457,0
4,73.47,1644464530,0
4,73.68,1644464603,0
4,73.9,1644464677,0
4,74.15,1644464751,0
4,74.45,1644464825,0
4,74.75,1644464900,0
4,75.12,1644464974,0
4,75.48,1644465049,0
4,75.83,1644465125,0
4,76.17,1644465201,0
4,76.4,1644465277,0
4,76.63,1644465353,0
4,76.83,1644465430,0
4,76.98,1644465507,0
4,77.12,1644465584,0
4,77.25,1644465661,0
4,77.35,1644465738,0
4,77.47,1644465815,0
4,77.6,1644465893,0
4,77.75,1644465971,0
4,77.9,1644466048,0
4,78.07,1644466126,0
4,78.2,1644466204,0
4,78.32,1644466282,0
4,78.45,1644466361,0
4,78.57,1644466439,0
4,78.58,1644466518,0
4,78.58,1644466596,0
4,78.55,1644466675,0
4,78.47,1644466753,0
4,78.35,1644466832,0
4,78.25,1644466910,0
4,78.13,1644466989,0
4,77.97,1644467067,0
4,77.82,1644467145,0
4,77.68,1644467222,0
4,77.52,1644467300,0
4,77.33,1644467378,0
4,77.15,1644467455,0
4,76.92,1644467532,0
4,76.65,1644467609,0
4,76.38,1644467686,0
4,76.12,1644467762,0
4,75.85,1644467838,0
4,75.63,1644467914,0
4,75.48,1644467990,0
4,75.35,1644468065,0
4,75.2,1644468141,0
4,75.0,1644468216,0
4,74.8,1644468291,0
4,74.62,1644468366,0
4,74.43,1644468440,0
4,74.27,1644468515,0
4,74.13,1644468589,0
4,73.98,1644468663,0
4,73.75,1644468737,0
4,73.57,1644468811,0
4,73.37,1644468884,0
4,73.13,1644468958,0
4,72.93,1644469031,0
4,72.72,1644469104,0
4,72.43,1644469176,0
4,72.18,1644469249,0
4,71.92,1644469321,0
4,71.62,1644469393,0
4,71.33,1644469465,0
4,71.0,1644469536,0
4,70.7,1644469607,0
4,70.43,1644469678,0
4,70.2,1644469748,0
4,70.03,1644469818,0
4,69.85,1644469888,0
4,69.68,1644469958,0
4,69.55,1644470028,0
4,69.43,1644470097,0
4,69.32,1644470167,0
4,69.27,1644470236,0
4,69.23,1644470305,0
4,69.25,1644470375,0
4,69.27,1644470444,0
4,69.3,1644470513,0
4,69.33,1644470582,0
4,69.37,1644470652,0
4,69.38,1644470721,0
4,69.35,1644470790,0
4,69.3,1644470860,0
4,69.28,1644470929,0
4,69.25,1644470998,0
4,69.22,1644471068,0
4,69.2,1644471137,0
4,69.18,1644471206,0
4,69.18,1644471275,0
4,69.22,1644471344,0
4,69.27,1644471414,0
4,69.3,1644471483,0
4,69.3,1644471552,0
4,69.3,1644471622,0
4,69.33,1644471691,0
4,69.35,1644471760,0
4,69.42,1644471830,0
4,69.5,1644471899,0
4,69.62,1644471968,0
4,69.75,1644472038,0
4,69.92,1644472108,0
4,70.03,1644472178,0
4,70.1,1644472248,0
4,70.13,1644472318,0
4,70.17,1644472388,0
4,70.22,1644472458,0
4,70.28,1644472528,0
4,70.28,1644472599,0
4,70.3,1644472669,0
4,70.33,1644472739,0
4,70.37,1644472810,0
4,70.42,1644472880,0
4,70.47,1644472950,0
4,70.53,1644473021,0
4,70.62,1644473091,0
4,70.72,1644473162,0
4,70.82,1644473233,0
4,70.88,1644473304,0
4,71.0,1644473374,0
4,71.08,1644473445,0
4,71.15,1644473516,0
4,71.22,1644473588,0
4,71.28,1644473659,0
4,71.35,1644473730,0
4,71.4,1644473801,0
4,71.43,1644473873,0
4,71.47,1644473944,0
4,71.52,1644474016,0
4,71.58,1644474087,0
4,71.67,1644474159,0
4,71.77,1644474231,0
4,71.85,1644474302,0
4,71.92,1644474374,0
4,71.95,1644474446,0
4,71.95,1644474518,0
4,71.85,1644474590,0
4,71.72,1644474662,0
4,71.57,1644474734,0
4,71.4,1644474805,0
4,71.23,1644474877,0
4,71.08,1644474948,0
4,70.97,1644475019,0
4,70.87,1644475090,0
4,70.82,1644475161,0
4,70.78,1644475232,0
4,70.77,1644475302,0
4,70.78,1644475373,0
4,70.78,1644475444,0
4,70.77,1644475515,0
4,70.73,1644475585,0
4,70.72,1644475656,0
4,70.68,1644475727,0
4,70.65,1644475798,0
4,70.65,1644475868,0
4,70.62,1644475939,0
4,70.62,1644476009,0
4,70.62,1644476080,0
4,70.62,1644476151,0
4,70.6,1644476221,0
4,70.57,1644476292,0
4,70.48,1644476362,0
4,70.42,1644476433,0
4,70.33,1644476503,0
4,70.28,1644476574,0
4,70.25,1644476644,0
4,70.25,1644476714,0
4,70.25,1644476784,0
4,70.32,1644476855,0
4,70.42,1644476925,0
4,70.52,1644476995,0
4,70.6,1644477066,0
4,70.7,1644477137,0
4,70.82,1644477207,0
4,70.9,1644477278,0
4,70.97,1644477349,0
4,71.02,1644477420,0
4,71.02,1644477491,0
4,71.05,1644477562,0
4,71.07,1644477633,0
4,71.05,1644477704,0
4,71.03,1644477775,0
4,71.03,1644477846,0
4,71.0,1644477917,0
4,70.92,1644477988,0
4,70.8,1644478059,0
4,70.7,1644478130,0
4,70.58,1644478201,0
4,70.47,1644478271,0
4,70.33,1644478342,0
4,70.23,1644478412,0
4,70.07,1644478482,0
4,69.95,1644478552,0
4,69.85,1644478622,0
4,69.75,1644478692,0
4,69.67,1644478762,0
4,69.65,1644478832,0
4,69.67,1644478901,0
4,69.7,1644478971,0
4,69.78,1644479041,0
4,69.88,1644479110,0
4,70.03,1644479180,0
4,70.18,1644479250,0
4,70.35,1644479320,0
4,70.48,1644479391,0
4,70.58,1644479461,0
4,70.65,1644479532,0
4,70.65,1644479603,0
4,70.68,1644479673,0
4,70.63,1644479744,0
4,70.6,1644479814,0
4,70.52,1644479885,0
4,70.47,1644479956,0
4,70.42,1644480026,0
4,70.35,1644480096,0
4,70.28,1644480167,0
4,70.18,1644480237,0
4,70.1,1644480307,0
4,70.03,1644480377,0
4,69.98,1644480447,0
4,69.95,1644480517,0
4,69.93,1644480587,0
4,69.93,1644480657,0
4,69.98,1644480727,0
4,70.03,1644480797,0
4,70.1,1644480867,0
4,70.17,1644480937,0
4,70.25,1644481007,0
4,70.32,1644481078,0
4,70.37,1644481148,0
4,70.4,1644481218,0
4,70.43,1644481289,0
4,70.42,1644481359,0
4,70.37,1644481430,0
4,70.32,1644481500,0
4,70.28,1644481570,0
4,70.23,1644481641,0
4,70.2,1644481711,0
4,70.15,1644481781,0
4,70.08,1644481851,0
4,70.05,1644481921,0
4,70.02,1644481991,0
4,69.92,1644482061,0
4,69.82,1644482131,0
4,69.78,1644482201,0
4,69.8,1644482271,0
4,69.83,1644482341,0
4,69.87,1644482411,0
4,69.9,1644482480,0
4,69.95,1644482550,0
4,69.97,1644482620,0
4,70.07,1644482690,0
4,70.17,1644482760,0
4,70.28,1644482830,0
4,70.4,1644482901,0
4,70.5,1644482971,0
4,70.58,1644483042,0
4,70.65,1644483112,0
4,70.7,1644483183,0
4,70.73,1644483254,0
4,70.77,1644483324,0
4,70.77,1644483395,0
4,70.62,1644483466,0
4,70.48,1644483536,0
4,70.4,1644483607,0
4,70.35,1644483677,0
4,70.35,1644483748,0
4,70.38,1644483818,0
4,70.4,1644483888,0
4,70.43,1644483959,0
4,70.47,1644484029,0
4,70.55,1644484100,0
4,70.6,1644484170,0
4,70.63,1644484241,0
4,70.65,1644484312,0
4,70.67,1644484382,0
4,70.7,1644484453,0
4,70.7,1644484524,0
4,70.68,1644484594,0
4,70.6,1644484665,0
4,70.53,1644484736,0
4,70.48,1644484806,0
4,70.42,1644484877,0
4,70.32,1644484947,0
4,70.18,1644485017,0
4,70.02,1644485087,0
4,69.83,1644485157,0
4,69.65,1644485227,0
4,69.45,1644485297,0
4,69.23,1644485366,0
4,69.02,1644485436,0
4,68.8,1644485505,0
4,68.6,1644485573,0
4,68.42,1644485642,0
4,68.25,1644485710,0
4,68.1,1644485779,0
4,67.98,1644485847,0
4,67.92,1644485915,0
4,67.88,1644485983,0
4,67.9,1644486051,0
4,67.97,1644486118,0
4,68.02,1644486186,0
4,68.08,1644486254,0
4,68.17,1644486323,0
4,68.18,1644486391,0
4,68.17,1644486459,0
4,68.1,1644486527,0
4,68.03,1644486595,0
4,67.93,1644486663,0
4,67.82,1644486731,0
4,67.68,1644486799,0
4,67.5,1644486867,0
4,67.28,1644486934,0
4,67.03,1644487001,0
4,66.75,1644487068,0
4,66.48,1644487135,0
4,66.28,1644487202,0
4,66.08,1644487268,0
4,65.9,1644487334,0
4,65.7,1644487400,0
4,65.52,1644487466,0
4,65.43,1644487531,0
4,65.48,1644487597,0
4,65.52,1644487662,0
4,65.5,1644487728,0
4,65.5,1644487793,0
4,65.52,1644487859,0
4,65.58,1644487924,0
4,65.67,1644487990,0
4,65.8,1644488055,0
4,65.9,1644488121,0
4,66.0,1644488187,0
4,66.07,1644488253,0
4,66.15,1644488319,0
4,66.15,1644488385,0
4,66.15,1644488451,0
4,66.12,1644488518,0
4,66.12,1644488584,0
4,66.1,1644488650,0
4,66.13,1644488716,0
4,66.12,1644488782,0
4,66.05,1644488848,0
4,65.98,1644488914,0
4,65.97,1644488980,0
4,65.97,1644489046,0
4,65.97,1644489112,0
4,66.0,1644489178,0
4,66.05,1644489244,0
4,66.12,1644489310,0
4,66.2,1644489376,0
4,66.28,1644489442,0
4,66.4,1644489509,0
4,66.52,1644489575,0
4,66.63,1644489642,0
4,66.7,1644489708,0
4,66.77,1644489775,0
4,66.85,1644489842,0
4,66.92,1644489909,0
4,66.97,1644489976,0
4,66.98,1644490043,0
4,66.93,1644490109,0
4,66.93,1644490176,0
4,67.05,1644490243,0
4,67.17,1644490310,0
4,67.3,1644490378,0
4,67.45,1644490445,0
4,67.62,1644490512,0
4,67.8,1644490580,0
4,67.98,1644490648,0
4,68.13,1644490716,0
4,68.3,1644490784,0
4,68.45,1644490852,0
4,68.53,1644490921,0
4,68.63,1644490989,0
4,68.77,1644491058,0
4,68.9,1644491127,0
4,68.93,1644491195,0
4,69.03,1644491264,0
4,69.12,1644491333,0
4,69.2,1644491403,0
4,69.27,1644491472,0
4,69.25,1644491541,0
4,69.23,1644491610,0
4,69.23,1644491679,0
4,69.23,1644491749,0
4,69.25,1644491818,0
4,69.22,1644491887,0
4,69.15,1644491956,0
4,69.07,1644492026,0
4,68.97,1644492095,0
4,68.88,1644492164,0
4,68.8,1644492232,0
4,68.73,1644492301,0
4,68.67,1644492370,0
4,68.68,1644492439,0
4,68.73,1644492507,0
4,68.8,1644492576,0
4,68.85,1644492645,0
4,68.92,1644492714,0
4,68.97,1644492783,0
4,69.03,1644492852,0
4,69.12,1644492921,0
4,69.2,1644492990,0
4,69.22,1644493059,0
4,69.23,1644493128,0
4,69.28,1644493197,0
4,69.3,1644493267,1
4,69.3,1644493336,1
4,69.28,1644493405,1
4,69.27,1644493475,1
4,69.25,1644493544,1
4,69.2,1644493613,0
4,69.15,1644493682,0
4,69.15,1644493751,0
4,69.17,1644493821,1
4,69.18,1644493890,1
4,69.22,1644493959,1
4,69.25,1644494028,1
4,69.3,1644494097,1
4,69.37,1644494167,1
4,69.35,1644494236,1
4,69.3,1644494305,1
4,69.15,1644494375,1
4,68.97,1644494444,1
4,68.82,1644494513,0
4,68.65,1644494582,0
4,68.47,1644494650,0
4,68.3,1644494719,1
4,68.15,1644494787,1
4,68.02,1644494855,1
4,67.87,1644494923,0
4,67.75,1644494991,0
4,67.7,1644495059,0
4,67.65,1644495127,0
4,67.6,1644495194,0
4,67.55,1644495262,0
4,67.52,1644495329,0
4,67.45,1644495397,0
4,67.42,1644495464,0
4,67.38,1644495532,0
4,67.35,1644495599,0
4,67.32,1644495667,0
4,67.32,1644495734,0
4,67.28,1644495801,0
4,67.27,1644495868,0
4,67.23,1644495936,0
4,67.22,1644496003,0
4,67.2,1644496070,0
4,67.22,1644496137,0
4,67.25,1644496205,0
4,67.27,1644496272,0
4,67.3,1644496339,0
4,67.35,1644496406,0
4,67.4,1644496474,0
4,67.48,1644496541,0
4,67.5,1644496609,0
4,67.42,1644496676,0
4,67.33,1644496744,0
4,67.25,1644496811,0
4,67.17,1644496878,0
4,67.05,1644496945,0
4,66.83,1644497012,0
4,66.65,1644497079,0
4,66.6,1644497146,0
4,66.62,1644497212,0
4,66.65,1644497279,0
4,66.7,1644497346,0
4,66.75,1644497412,0
4,66.82,1644497479,0
4,66.87,1644497546,0
4,66.9,1644497613,0
4,66.92,1644497680,0
4,66.93,1644497747,0
4,66.88,1644497814,0
4,66.85,1644497880,0
4,66.78,1644497947,0
4,66.67,1644498014,0
4,66.52,1644498081,0
4,66.35,1644498147,0
4,66.18,1644498214,0
4,66.12,1644498280,0
4,66.05,1644498346,0
4,65.98,1644498412,0
4,65.95,1644498478,0
4,65.9,1644498544,0
4,65.85,1644498610,0
4,65.8,1644498676,0
4,65.72,1644498741,0
4,65.65,1644498807,0
4,65.6,1644498873,0
4,65.57,1644498938,0
4,65.53,1644499004,0
4,65.5,1644499070,0
4,65.48,1644499135,0
4,65.52,1644499201,0
4,65.55,1644499266,0
4,65.62,1644499332,0
4,65.7,1644499397,0
4,65.7,1644499463,0
4,65.7,1644499529,0
4,65.7,1644499594,0
4,65.67,1644499660,0
4,65.58,1644499726,0
4,65.52,1644499791,0
4,65.48,1644499857,0
4,65.42,1644499922,0
4,65.33,1644499988,0
4,65.27,1644500053,0
4,65.12,1644500118,0
4,64.93,1644500183,0
4,64.77,1644500248,0
4,64.58,1644500313,0
4,64.37,1644500378,0
4,64.12,1644500442,0
4,63.85,1644500506,0
4,63.63,1644500570,0
4,63.5,1644500634,0
4,63.3,1644500697,0
4,63.35,1644500760,0
4,63.4,1644500824,0
4,63.48,1644500887,0
4,63.6,1644500951,0
4,63.67,1644501014,0
4,63.85,1644501078,0
4,64.0,1644501142,0
4,64.13,1644501206,0
4,64.28,1644501270,0
4,64.42,1644501334,0
4,64.58,1644501399,0
4,64.77,1644501463,0
4,64.95,1644501528,0
4,65.08,1644501593,0
4,65.27,1644501658,0
4,65.5,1644501723,0
4,65.75,1644501789,0
4,66.0,1644501855,0
4,66.22,1644501921,0
4,66.42,1644501987,0
4,66.6,1644502053,0
4,66.82,1644502120,0
4,67.07,1644502187,0
4,67.37,1644502254,0
4,67.63,1644502321,0
4,67.83,1644502389,0
4,68.05,1644502456,0
4,68.28,1644502525,0
4,68.5,1644502593,0
4,68.7,1644502661,0
4,68.88,1644502730,0
4,69.07,1644502799,0
4,69.25,1644502868,0
4,69.43,1644502937,0
4,69.6,1644503007,0
4,69.73,1644503076,0
4,69.83,1644503146,0
4,69.95,1644503216,0
4,70.07,1644503286,0
4,70.12,1644503356,0
4,70.22,1644503426,0
4,70.33,1644503496,0
4,70.47,1644503566,0
4,70.62,1644503637,0
4,70.8,1644503708,0
4,70.97,1644503778,0
4,71.1,1644503849,0
4,71.27,1644503920,0
4,71.45,1644503992,0
4,71.63,1644504063,0
4,71.85,1644504135,0
4,72.1,1644504207,0
4,72.32,1644504279,0
4,72.42,1644504351,0
4,72.62,1644504423,0
4,72.87,1644504496,0
4,73.1,1644504569,0
4,73.3,1644504642,0
4,73.52,1644504715,0
4,73.8,1644504789,0
4,73.85,1644504863,0
4,73.88,1644504937,0
4,74.15,1644505010,0
4,74.45,1644505085,0
4,74.73,1644505159,0
4,74.8,1644505234,0
4,74.83,1644505309,0
4,74.82,1644505383,0
4,74.72,1644505458,0
4,74.63,1644505533,0
4,74.52,1644505608,0
4,74.32,1644505682,0
4,74.13,1644505756,0
4,74.02,1644505831,0
