1644233399,Time
1,1644233400
83,1644233401
83,1644233484
75.33,1644233567
70.5,1644233642
67.4,1644233713
66.33,1644233780
67.14,1644233847
67.75,1644233914
68.11,1644233981
68.5,1644234050
69.09,1644234118
69.83,1644234187
70.38,1644234257
70.86,1644234327
71.33,1644234398
72,1644234470
72.71,1644234542
73.39,1644234614
74,1644234688
74.6,1644234762
75.19,1644234836
75.77,1644234911
76.3,1644234987
76.79,1644235064
77.24,1644235140
77.65,1644235218
78.07,1644235295
78.5,1644235373
78.93,1644235452
79.33,1644235531
79.74,1644235610
80.12,1644235690
80.45,1644235770
80.74,1644235850
80.94,1644235931
81.11,1644236012
81.24,1644236093
81.34,1644236174
81.41,1644236256
81.47,1644236337
81.54,1644236419
81.6,1644236500
81.63,1644236582
81.66,1644236663
81.67,1644236745
81.65,1644236827
81.62,1644236908
81.58,1644236990
81.53,1644237072
81.4,1644237153
81.27,1644237234
81.13,1644237316
81,1644237397
81.06,1644237478
81.13,1644237559
81.2,1644237640
81.26,1644237721
81.29,1644237803
81.32,1644237884
81.4,1644237965
81.43,1644238047
81.45,1644238128
81.83,1644238209
82.27,1644238291
82.7,1644238374
83.02,1644238456
83.15,1644238539
83.27,1644238622
83.42,1644238706
83.55,1644238789
83.63,1644238873
83.68,1644238956
83.75,1644239040
83.78,1644239124
83.8,1644239207
83.68,1644239291
83.52,1644239375
83.37,1644239458
83.2,1644239542
83,1644239625
82.8,1644239708
82.58,1644239791
82.4,1644239873
82.25,1644239956
82.13,1644240038
82.03,1644240120
81.92,1644240202
81.78,1644240284
81.63,1644240366
81.48,1644240448
81.32,1644240529
81.13,1644240610
80.97,1644240691
80.82,1644240772
80.72,1644240853
80.82,1644240934
80.93,1644241015
81.08,1644241096
81.25,1644241177
81.33,1644241258
81.55,1644241339
81.77,1644241421
82,1644241503
82.22,1644241585
82.45,1644241667
82.68,1644241749
82.83,1644241832
82.98,1644241915
83.17,1644241998
83.42,1644242081
83.67,1644242164
83.93,1644242248
84.2,1644242332
84.3,1644242416
84.38,1644242501
84.47,1644242585
84.48,1644242669
84.52,1644242754
84.57,1644242838
84.57,1644242923
84.58,1644243008
84.62,1644243092
84.65,1644243177
84.7,1644243261
84.77,1644243346
84.85,1644243431
84.93,1644243516
85.03,1644243601
85.12,1644243686
85.2,1644243771
85.3,1644243856
85.37,1644243941
85.42,1644244027
85.48,1644244112
85.53,1644244198
85.65,1644244283
85.7,1644244369
85.73,1644244454
85.8,1644244540
85.92,1644244626
86.08,1644244712
86.28,1644244798
86.45,1644244884
86.58,1644244971
86.68,1644245057
86.77,1644245144
86.83,1644245231
86.88,1644245318
86.92,1644245404
86.93,1644245491
86.95,1644245578
86.97,1644245665
86.98,1644245752
87.02,1644245839
87.05,1644245926
86.92,1644246013
86.8,1644246100
86.67,1644246187
86.55,1644246274
86.52,1644246360
86.37,1644246447
86.22,1644246533
86.07,1644246619
85.95,1644246705
85.82,1644246791
85.7,1644246877
85.68,1644246963
85.65,1644247049
85.53,1644247134
85.42,1644247220
85.3,1644247305
85.18,1644247390
85.05,1644247476
84.9,1644247561
84.75,1644247646
84.55,1644247730
84.4,1644247815
84.28,1644247899
84.13,1644247984
83.9,1644248068
83.67,1644248152
83.4,1644248235
83.18,1644248319
83.02,1644248402
82.85,1644248485
82.8,1644248568
82.75,1644248651
82.72,1644248733
82.68,1644248816
82.75,1644248899
82.78,1644248981
82.82,1644249064
82.87,1644249147
82.93,1644249230
83.02,1644249313
83.1,1644249396
83.27,1644249479
83.42,1644249562
83.57,1644249646
83.67,1644249729
83.7,1644249813
83.7,1644249897
83.72,1644249980
83.73,1644250064
83.75,1644250148
83.77,1644250231
83.8,1644250315
83.83,1644250399
83.9,1644250483
83.93,1644250567
83.95,1644250651
83.98,1644250735
84.02,1644250819
84.02,1644250903
84,1644250987
83.97,1644251071
83.92,1644251155
83.87,1644251239
83.8,1644251322
83.72,1644251406
83.63,1644251490
83.57,1644251574
83.5,1644251657
83.42,1644251741
83.37,1644251824
83.32,1644251907
83.27,1644251991
83.22,1644252074
83.22,1644252157
83.22,1644252240
83.2,1644252324
83.18,1644252407
83.18,1644252490
83.2,1644252573
83.23,1644252656
83.33,1644252740
83.45,1644252823
83.57,1644252906
83.7,1644252990
83.92,1644253074
84.13,1644253158
84.38,1644253242
84.62,1644253326
84.8,1644253411
85.02,1644253496
85.13,1644253581
85.27,1644253666
85.38,1644253751
85.5,1644253836
85.52,1644253922
85.53,1644254007
85.57,1644254093
85.58,1644254178
85.6,1644254264
85.62,1644254350
85.63,1644254435
85.65,1644254521
85.67,1644254607
85.68,1644254692
85.72,1644254778
85.75,1644254864
85.78,1644254949
85.8,1644255035
85.8,1644255121
85.8,1644255207
85.8,1644255293
85.82,1644255378
85.83,1644255464
85.83,1644255550
85.9,1644255636
86,1644255722
86.1,1644255808
86.2,1644255894
86.32,1644255980
86.43,1644256066
86.53,1644256153
86.62,1644256239
86.67,1644256326
86.7,1644256413
86.75,1644256499
86.78,1644256586
86.78,1644256673
86.77,1644256760
86.75,1644256846
86.7,1644256933
86.63,1644257020
86.55,1644257106
86.47,1644257193
86.4,1644257279
86.35,1644257366
86.33,1644257452
86.33,1644257539
86.35,1644257625
86.38,1644257711
86.4,1644257798
86.4,1644257884
86.38,1644257970
86.35,1644258057
86.3,1644258143
86.25,1644258229
86.18,1644258316
86.13,1644258402
86.07,1644258488
86,1644258574
85.9,1644258660
85.78,1644258746
85.65,1644258832
85.52,1644258917
85.38,1644259003
85.27,1644259088
85.17,1644259174
85.08,1644259259
85.03,1644259344
85,1644259429
84.95,1644259514
84.9,1644259599
84.85,1644259684
84.8,1644259769
84.73,1644259853
84.65,1644259938
84.57,1644260023
84.48,1644260107
84.4,1644260192
84.33,1644260276
84.27,1644260361
84.22,1644260445
84.15,1644260529
84.08,1644260613
84.02,1644260697
83.93,1644260781
83.83,1644260865
83.73,1644260949
83.63,1644261033
83.53,1644261116
83.42,1644261200
83.32,1644261283
83.25,1644261367
83.22,1644261450
83.22,1644261533
83.22,1644261616
83.23,1644261700
83.27,1644261783
83.33,1644261866
83.4,1644261949
83.5,1644262033
83.62,1644262116
83.75,1644262200
83.9,1644262284
84.05,1644262368
84.18,1644262452
84.3,1644262536
84.4,1644262620
84.48,1644262705
84.55,1644262789
84.6,1644262874
84.63,1644262958
84.73,1644263043
84.82,1644263127
84.9,1644263212
85,1644263297
85.12,1644263382
85.22,1644263467
85.32,1644263553
85.42,1644263638
85.53,1644263723
85.63,1644263809
85.77,1644263894
85.9,1644263980
86.03,1644264066
86.15,1644264152
86.27,1644264238
86.37,1644264325
86.45,1644264411
86.52,1644264497
86.6,1644264584
86.67,1644264671
86.73,1644264757
86.78,1644264844
86.85,1644264931
86.93,1644265018
87.02,1644265104
87.1,1644265191
87.18,1644265279
87.25,1644265366
87.32,1644265453
87.37,1644265540
87.42,1644265628
87.48,1644265715
87.55,1644265803
87.62,1644265890
87.68,1644265978
87.75,1644266065
87.8,1644266153
87.85,1644266241
87.92,1644266329
87.98,1644266417
88.05,1644266505
88.12,1644266593
88.18,1644266681
88.25,1644266769
88.3,1644266857
88.37,1644266946
88.4,1644267034
88.42,1644267122
88.42,1644267211
88.43,1644267299
88.45,1644267388
88.47,1644267476
88.5,1644267565
88.53,1644267653
88.57,1644267742
88.6,1644267830
88.62,1644267919
88.63,1644268007
88.53,1644268096
88.45,1644268185
88.35,1644268273
88.25,1644268361
88.18,1644268450
88.03,1644268538
87.83,1644268626
87.7,1644268714
87.57,1644268801
87.45,1644268889
87.32,1644268976
87.2,1644269064
86.95,1644269151
86.6,1644269238
86.28,1644269324
86,1644269411
85.8,1644269497
85.65,1644269583
85.5,1644269668
85.33,1644269754
85.17,1644269839
85.02,1644269924
84.87,1644270009
84.87,1644270094
84.85,1644270179
84.83,1644270264
84.82,1644270349
84.8,1644270433
84.78,1644270518
84.78,1644270603
84.78,1644270688
84.77,1644270773
84.75,1644270857
84.73,1644270942
84.72,1644271027
84.72,1644271112
84.73,1644271196
84.75,1644271281
84.8,1644271366
84.85,1644271451
84.9,1644271535
84.93,1644271620
84.93,1644271705
84.92,1644271790
84.87,1644271875
84.82,1644271960
84.75,1644272045
84.68,1644272130
84.63,1644272214
84.6,1644272299
84.57,1644272383
84.53,1644272468
84.52,1644272553
84.52,1644272637
84.52,1644272722
84.52,1644272806
84.52,1644272891
84.52,1644272975
84.53,1644273060
84.55,1644273144
84.72,1644273229
84.88,1644273313
85.02,1644273398
85.18,1644273483
85.33,1644273569
85.55,1644273654
85.82,1644273739
86,1644273825
86.17,1644273911
86.32,1644273997
86.47,1644274084
86.6,1644274170
86.8,1644274257
87,1644274344
87.12,1644274431
87.15,1644274518
87.08,1644274605
86.9,1644274692
86.67,1644274779
86.43,1644274866
86.2,1644274952
86.08,1644275038
85.97,1644275124
85.73,1644275210
85.5,1644275296
85.28,1644275381
85.08,1644275467
84.9,1644275552
84.53,1644275637
84.22,1644275721
83.9,1644275805
83.57,1644275889
83.27,1644275973
82.97,1644276056
82.95,1644276139
82.85,1644276222
82.7,1644276305
82.47,1644276388
82.22,1644276470
81.97,1644276552
81.7,1644276634
81.47,1644276716
81.25,1644276798
81.1,1644276879
80.92,1644276960
80.72,1644277041
80.5,1644277121
80.23,1644277202
79.97,1644277282
79.7,1644277362
79.4,1644277442
79.13,1644277521
78.8,1644277600
78.47,1644277679
78.18,1644277758
77.93,1644277836
77.7,1644277914
77.47,1644277992
77.25,1644278069
77.05,1644278146
76.83,1644278223
76.62,1644278300
76.47,1644278377
76.3,1644278453
76.15,1644278529
76,1644278606
75.9,1644278682
75.82,1644278758
75.73,1644278833
75.62,1644278909
75.5,1644278985
75.4,1644279060
75.32,1644279136
75.32,1644279211
75.3,1644279286
75.33,1644279362
75.35,1644279437
75.4,1644279512
75.68,1644279588
76,1644279663
76.32,1644279739
76.55,1644279816
76.78,1644279892
77.05,1644279969
77.28,1644280046
77.47,1644280123
77.68,1644280201
77.87,1644280278
78.25,1644280356
78.68,1644280435
79.12,1644280513
79.52,1644280592
79.87,1644280672
80.25,1644280752
80.43,1644280832
80.57,1644280912
80.73,1644280993
80.95,1644281074
81.03,1644281155
81.1,1644281236
81.18,1644281317
81.22,1644281398
81.25,1644281479
81.22,1644281560
81.2,1644281642
81.15,1644281723
81.13,1644281804
81.32,1644281885
81.33,1644281966
81.45,1644282048
81.62,1644282129
81.72,1644282211
81.88,1644282293
82,1644282374
82.07,1644282456
82.02,1644282539
81.72,1644282621
81.43,1644282702
81.15,1644282784
80.83,1644282865
80.52,1644282946
80.2,1644283026
79.85,1644283106
79.52,1644283186
79.2,1644283266
78.9,1644283345
78.58,1644283424
78.38,1644283502
78.2,1644283581
78.07,1644283659
77.97,1644283737
77.83,1644283815
77.72,1644283893
77.63,1644283971
77.62,1644284048
77.58,1644284126
77.58,1644284203
77.62,1644284281
77.47,1644284359
77.3,1644284436
77.03,1644284513
76.73,1644284590
76.43,1644284667
76.08,1644284744
75.78,1644284820
75.55,1644284895
75.25,1644284971
75,1644285046
74.75,1644285121
74.42,1644285196
74.08,1644285270
73.82,1644285345
73.57,1644285418
73.28,1644285492
72.93,1644285565
72.72,1644285638
72.5,1644285711
72.33,1644285783
72.3,1644285856
72.28,1644285928
72.27,1644286000
72.3,1644286073
72.35,1644286145
72.38,1644286217
72.47,1644286290
72.62,1644286362
72.77,1644286435
72.77,1644286507
72.93,1644286580
72.98,1644286653
73,1644286726
73.02,1644286799
73,1644286872
73.02,1644286945
73.02,1644287018
73.12,1644287091
73.48,1644287164
73.85,1644287238
74.2,1644287312
74.58,1644287386
74.98,1644287460
75.38,1644287535
75.77,1644287611
76.13,1644287687
76.47,1644287763
76.8,1644287839
77.12,1644287916
77.32,1644287993
77.5,1644288070
77.67,1644288148
77.78,1644288226
77.92,1644288303
78.03,1644288381
78.12,1644288459
78.2,1644288537
78.28,1644288616
78.37,1644288694
78.45,1644288772
78.53,1644288851
78.62,1644288929
78.82,1644289008
79.02,1644289087
79.2,1644289166
79.4,1644289245
79.58,1644289324
79.73,1644289404
79.9,1644289484
80.05,1644289563
80.18,1644289644
80.3,1644289724
80.43,1644289804
80.57,1644289884
80.7,1644289965
80.83,1644290046
80.95,1644290127
81.03,1644290208
81.12,1644290289
81.17,1644290370
81.23,1644290451
81.28,1644290532
81.33,1644290613
81.37,1644290695
81.38,1644290776
81.42,1644290857
81.45,1644290939
81.47,1644291020
81.48,1644291102
81.48,1644291183
81.47,1644291265
81.45,1644291346
81.43,1644291428
81.45,1644291509
81.5,1644291591
81.55,1644291672
81.57,1644291754
81.58,1644291835
81.57,1644291917
81.53,1644291998
81.5,1644292080
81.43,1644292161
81.32,1644292243
81.2,1644292324
81.05,1644292405
80.9,1644292486
80.75,1644292567
80.58,1644292648
80.45,1644292729
80.27,1644292809
80.12,1644292889
79.97,1644292969
79.85,1644293049
79.75,1644293129
79.68,1644293209
79.63,1644293289
79.58,1644293368
79.53,1644293448
79.48,1644293527
79.42,1644293607
79.33,1644293686
79.23,1644293766
79.12,1644293845
78.98,1644293924
78.87,1644294003
78.75,1644294082
78.65,1644294161
78.57,1644294239
78.47,1644294318
78.35,1644294396
78.25,1644294475
78.13,1644294553
78,1644294631
77.87,1644294709
77.72,1644294787
77.57,1644294865
77.4,1644294942
77.23,1644295020
77.05,1644295097
76.9,1644295174
76.73,1644295251
76.57,1644295327
76.4,1644295404
76.25,1644295480
76.1,1644295557
75.98,1644295633
75.85,1644295709
75.7,1644295785
75.53,1644295860
75.35,1644295936
75.18,1644296011
75.05,1644296086
74.93,1644296161
74.82,1644296236
74.7,1644296311
74.6,1644296386
74.55,1644296460
74.48,1644296535
74.45,1644296609
74.5,1644296684
74.57,1644296758
74.67,1644296833
74.78,1644296908
74.9,1644296982
75.05,1644297057
75.18,1644297132
75.35,1644297208
75.52,1644297283
75.58,1644297358
75.63,1644297434
75.68,1644297510
75.7,1644297585
75.73,1644297661
75.75,1644297737
75.75,1644297813
75.77,1644297888
75.78,1644297964
75.82,1644298040
75.87,1644298116
75.93,1644298192
76.03,1644298267
76.15,1644298343
76.27,1644298420
76.4,1644298496
76.53,1644298572
76.63,1644298649
76.72,1644298725
76.8,1644298802
76.9,1644298879
76.98,1644298956
77.03,1644299033
77.08,1644299110
77.13,1644299187
77.17,1644299264
77.22,1644299341
77.25,1644299418
77.3,1644299496
77.37,1644299573
77.48,1644299650
77.6,1644299728
77.72,1644299805
77.87,1644299883
78.02,1644299961
78.15,1644300039
78.28,1644300117
78.38,1644300196
78.48,1644300274
78.6,1644300352
78.75,1644300431
78.93,1644300510
79.1,1644300589
79.28,1644300668
79.48,1644300747
79.7,1644300827
79.9,1644300906
80.1,1644300986
80.3,1644301066
80.5,1644301147
80.63,1644301227
80.65,1644301308
80.62,1644301388
80.55,1644301469
80.5,1644301549
80.45,1644301630
80.4,1644301710
80.38,1644301791
80.33,1644301871
80.28,1644301952
80.28,1644302032
80.37,1644302112
80.43,1644302192
80.53,1644302273
80.62,1644302353
80.73,1644302434
80.85,1644302515
80.95,1644302596
81.08,1644302677
81.22,1644302758
81.38,1644302839
81.53,1644302920
81.63,1644303002
81.7,1644303083
81.75,1644303165
81.8,1644303247
81.87,1644303329
81.95,1644303411
81.82,1644303492
81.67,1644303574
81.52,1644303656
81.38,1644303737
81.27,1644303819
81.17,1644303900
81.08,1644303981
81.02,1644304062
80.97,1644304143
80.93,1644304224
80.88,1644304305
80.83,1644304386
80.73,1644304467
80.62,1644304548
80.5,1644304628
80.38,1644304709
80.3,1644304789
80.22,1644304870
80.15,1644304950
80.13,1644305030
80.13,1644305110
80.15,1644305190
80.15,1644305270
80.15,1644305350
80.17,1644305431
80.15,1644305511
80.12,1644305591
80.03,1644305671
79.95,1644305751
79.87,1644305831
79.77,1644305911
79.67,1644305991
79.67,1644306070
79.72,1644306150
79.8,1644306230
79.93,1644306310
80.05,1644306389
80.17,1644306470
80.25,1644306550
80.28,1644306630
80.28,1644306710
80.25,1644306791
80.15,1644306871
80.08,1644306951
80,1644307031
79.9,1644307111
79.78,1644307191
79.65,1644307271
79.55,1644307350
79.45,1644307430
79.32,1644307509
79.13,1644307589
78.88,1644307668
78.67,1644307747
78.4,1644307825
78.17,1644307904
77.93,1644307982
77.68,1644308060
77.42,1644308138
77.05,1644308215
76.93,1644308292
76.87,1644308369
76.8,1644308446
76.75,1644308523
76.7,1644308599
76.67,1644308676
76.53,1644308753
76.32,1644308829
76.05,1644308906
75.82,1644308982
75.58,1644309057
75.32,1644309133
75.07,1644309208
74.8,1644309283
74.55,1644309358
74.28,1644309433
74,1644309507
73.73,1644309581
73.45,1644309655
73.15,1644309728
72.83,1644309801
72.5,1644309874
72.18,1644309947
71.92,1644310019
71.67,1644310091
71.37,1644310162
71.07,1644310234
70.8,1644310305
70.5,1644310376
70.22,1644310446
70.03,1644310516
69.83,1644310586
69.62,1644310656
69.32,1644310726
69.03,1644310795
68.68,1644310864
68.28,1644310933
67.88,1644311001
67.5,1644311069
67.15,1644311137
66.82,1644311204
66.52,1644311271
66.33,1644311337
65.93,1644311403
65.6,1644311469
65.28,1644311535
64.9,1644311600
64.53,1644311665
64.57,1644311730
64.58,1644311794
64.65,1644311859
64.72,1644311923
64.82,1644311988
64.9,1644312053
65.02,1644312118
65.12,1644312183
65.2,1644312248
65.3,1644312313
65.4,1644312379
65.6,1644312444
65.78,1644312510
65.9,1644312575
66.05,1644312641
66.18,1644312707
66.35,1644312773
66.55,1644312840
66.83,1644312906
67.2,1644312973
67.62,1644313040
68,1644313108
68.37,1644313176
68.8,1644313244
69.23,1644313313
69.68,1644313382
70.13,1644313452
70.58,1644313522
71.02,1644313593
71.4,1644313664
71.78,1644313735
72.15,1644313807
72.53,1644313879
72.93,1644313952
73.28,1644314025
73.55,1644314098
73.78,1644314171
74.1,1644314245
74.4,1644314319
74.65,1644314394
74.93,1644314468
75.17,1644314543
75.23,1644314618
75.23,1644314694
75.15,1644314769
75.13,1644314844
75.1,1644314919
75.1,1644314994
75.13,1644315069
75.13,1644315145
75.17,1644315220
75.27,1644315295
75.37,1644315370
75.42,1644315445
75.42,1644315521
75.55,1644315596
75.48,1644315672
75.42,1644315747
75.42,1644315823
75.43,1644315898
75.02,1644315974
74.65,1644316049
74.23,1644316123
73.87,1644316197
73.52,1644316271
73.22,1644316345
72.98,1644316418
72.77,1644316491
72.6,1644316564
72.52,1644316636
72.42,1644316709
72.32,1644316781
72.18,1644316854
72.02,1644316926
71.82,1644316998
71.53,1644317070
71.27,1644317141
70.92,1644317213
70.52,1644317283
70.08,1644317354
69.62,1644317424
69.17,1644317494
68.75,1644317563
68.4,1644317632
68.05,1644317700
67.7,1644317768
67.35,1644317836
66.97,1644317903
66.6,1644317970
66.25,1644318037
65.92,1644318103
65.6,1644318169
65.25,1644318234
65.32,1644318300
65.4,1644318365
65.5,1644318430
65.63,1644318496
65.75,1644318562
65.87,1644318627
66.05,1644318693
66.28,1644318759
66.53,1644318825
66.85,1644318892
67.22,1644318959
67.6,1644319026
67.97,1644319094
68.28,1644319162
68.58,1644319230
68.9,1644319299
69.23,1644319367
69.53,1644319437
69.5,1644319506
69.97,1644319576
70.48,1644319646
71.03,1644319716
71.62,1644319787
72.38,1644319859
73.15,1644319931
73.88,1644320004
74.5,1644320078
75.12,1644320153
75.72,1644320228
76.3,1644320304
76.87,1644320380
77.4,1644320457
77.87,1644320534
78.3,1644320612
78.73,1644320690
79.13,1644320769
79.45,1644320848
79.75,1644320928
80.03,1644321007
80.28,1644321087
80.57,1644321168
80.82,1644321248
81.17,1644321329
81.47,1644321410
81.8,1644321492
82.2,1644321573
82.63,1644321656
83.1,1644321738
83.63,1644321821
84.17,1644321905
84.62,1644321989
85.05,1644322074
85.47,1644322159
85.93,1644322244
86.47,1644322330
87.02,1644322417
87.58,1644322504
88.13,1644322591
88.67,1644322679
89.2,1644322768
89.37,1644322857
89.5,1644322947
89.6,1644323036
89.63,1644323126
89.65,1644323215
89.68,1644323305
89.68,1644323395
89.63,1644323484
89.58,1644323574
89.53,1644323664
89.52,1644323753
89.48,1644323843
89.45,1644323932
89.5,1644324022
89.57,1644324111
89.92,1644324201
90.25,1644324291
90.58,1644324381
91.18,1644324471
91.28,1644324563
91.38,1644324654
91.45,1644324745
91.5,1644324837
91.5,1644324928
91.48,1644325020
91.45,1644325111
91.47,1644325203
91.42,1644325294
91.35,1644325386
91.3,1644325477
91.27,1644325568
91.23,1644325659
91.2,1644325751
91.15,1644325842
91.1,1644325933
91.05,1644326024
90.95,1644326115
90.9,1644326206
90.85,1644326297
90.85,1644326388
90.8,1644326479
90.93,1644326570
91,1644326660
91.07,1644326751
91.13,1644326843
91.18,1644326934
91.23,1644327025
91.27,1644327116
91.05,1644327207
90.87,1644327298
90.73,1644327389
90.62,1644327480
90.52,1644327571
90.32,1644327661
90.13,1644327751
89.92,1644327842
89.67,1644327932
89.4,1644328021
89.13,1644328111
88.88,1644328200
88.62,1644328289
88.45,1644328377
88.33,1644328466
88.25,1644328554
88.13,1644328642
88.03,1644328730
87.93,1644328818
87.87,1644328906
87.87,1644328994
87.95,1644329082
88.05,1644329170
88.22,1644329258
88.4,1644329346
88.53,1644329435
88.7,1644329523
88.58,1644329612
88.5,1644329701
88.4,1644329789
88.18,1644329877
88,1644329966
87.8,1644330054
87.6,1644330141
87.42,1644330229
87.23,1644330316
87.08,1644330404
86.98,1644330491
86.92,1644330578
86.92,1644330665
86.92,1644330752
86.92,1644330838
86.92,1644330925
86.88,1644331012
86.87,1644331099
86.88,1644331186
86.87,1644331273
86.85,1644331360
86.87,1644331447
86.87,1644331534
86.88,1644331620
86.88,1644331707
86.93,1644331794
86.83,1644331881
86.78,1644331968
86.72,1644332055
86.7,1644332141
86.72,1644332228
86.58,1644332315
86.5,1644332401
86.57,1644332488
86.57,1644332574
86.52,1644332661
86.47,1644332748
86.42,1644332834
86.35,1644332920
86.25,1644333007
86.18,1644333093
86.13,1644333179
86.13,1644333265
86.12,1644333352
86.07,1644333438
86,1644333524
85.9,1644333610
85.82,1644333696
85.92,1644333781
86.07,1644333867
86.17,1644333953
86.27,1644334040
86.33,1644334126
86.33,1644334212
86.25,1644334299
86.17,1644334385
86.08,1644334471
86,1644334557
85.92,1644334643
85.85,1644334729
85.77,1644334815
85.68,1644334901
85.57,1644334986
85.57,1644335072
85.57,1644335157
85.65,1644335243
85.52,1644335329
85.33,1644335414
85.17,1644335499
85.02,1644335585
84.88,1644335670
84.75,1644335755
84.62,1644335839
84.52,1644335924
84.47,1644336008
84.38,1644336093
84.32,1644336177
84.25,1644336262
84.2,1644336346
84.18,1644336430
84.17,1644336514
84.15,1644336598
84.13,1644336683
84.1,1644336767
84.08,1644336851
84.1,1644336935
84.1,1644337019
84.1,1644337103
84.15,1644337187
84.17,1644337271
84.15,1644337355
84.32,1644337440
84.45,1644337524
84.62,1644337608
84.82,1644337693
85.02,1644337778
85.28,1644337863
85.55,1644337948
85.83,1644338034
86.1,1644338119
86.35,1644338206
86.67,1644338292
86.95,1644338379
87.27,1644338466
87.58,1644338553
87.88,1644338640
88.2,1644338728
88.45,1644338816
88.48,1644338905
88.5,1644338993
88.52,1644339082
88.52,1644339170
88.4,1644339259
88.28,1644339347
88.23,1644339436
88.2,1644339524
88.15,1644339612
88.1,1644339700
88.07,1644339788
87.98,1644339876
87.93,1644339964
87.8,1644340052
87.68,1644340140
87.57,1644340228
87.43,1644340315
87.25,1644340403
87.3,1644340490
87.37,1644340577
87.42,1644340665
87.45,1644340752
87.48,1644340840
87.52,1644340927
87.57,1644341015
87.5,1644341102
87.42,1644341190
87.18,1644341277
86.98,1644341364
86.77,1644341451
86.5,1644341538
86.32,1644341624
86.15,1644341711
86,1644341797
85.83,1644341883
85.68,1644341969
85.57,1644342054
85.48,1644342140
85.4,1644342226
85.3,1644342311
85.12,1644342396
84.92,1644342481
84.75,1644342566
84.57,1644342651
84.38,1644342736
84.2,1644342820
84.05,1644342904
84.03,1644342988
83.92,1644343072
83.8,1644343156
83.72,1644343240
83.63,1644343324
83.53,1644343407
83.45,1644343491
83.37,1644343574
83.28,1644343658
83.23,1644343741
83.17,1644343824
83.07,1644343907
82.97,1644343990
82.9,1644344073
82.82,1644344156
82.75,1644344239
82.67,1644344322
82.7,1644344405
82.72,1644344487
82.65,1644344570
82.55,1644344653
82.42,1644344735
82.27,1644344818
82.12,1644344900
81.97,1644344982
81.83,1644345064
81.78,1644345146
81.73,1644345228
81.72,1644345309
81.72,1644345391
81.72,1644345473
81.7,1644345554
81.72,1644345636
81.7,1644345718
81.82,1644345800
81.87,1644345881
81.92,1644345963
81.97,1644346045
82.08,1644346127
82.15,1644346209
82.15,1644346291
82.07,1644346373
82.03,1644346456
82,1644346538
81.92,1644346620
81.8,1644346702
81.7,1644346783
81.62,1644346865
81.57,1644346947
81.43,1644347028
81.2,1644347110
80.92,1644347191
80.65,1644347272
80.48,1644347352
80.3,1644347433
80.05,1644347513
79.77,1644347593
79.45,1644347673
79.13,1644347752
78.78,1644347832
78.23,1644347910
77.72,1644347989
77.25,1644348066
76.8,1644348144
76.35,1644348220
75.9,1644348297
75.5,1644348373
75.03,1644348448
74.62,1644348523
74.15,1644348598
73.95,1644348672
73.8,1644348746
73.72,1644348820
73.67,1644348893
73.62,1644348967
73.58,1644349041
73.6,1644349114
73.62,1644349188
73.65,1644349261
73.72,1644349335
73.75,1644349409
73.77,1644349483
73.78,1644349556
73.82,1644349630
73.77,1644349704
73.7,1644349778
73.65,1644349851
73.67,1644349925
73.65,1644349999
73.62,1644350072
73.72,1644350146
73.8,1644350220
73.9,1644350294
74.03,1644350367
74.02,1644350441
74.05,1644350515
74.08,1644350590
74.05,1644350664
74.02,1644350738
74,1644350812
74.23,1644350886
74.53,1644350960
74.83,1644351034
75.22,1644351109
75.53,1644351185
75.83,1644351260
76.13,1644351336
76.43,1644351412
76.7,1644351488
77.02,1644351565
77.33,1644351642
77.67,1644351719
77.98,1644351797
78.3,1644351875
78.62,1644351953
78.97,1644352032
79.32,1644352111
79.72,1644352190
80.1,1644352270
80.48,1644352350
80.9,1644352431
81.3,1644352512
81.63,1644352593
82.02,1644352674
82.4,1644352756
82.77,1644352839
83.02,1644352922
83.3,1644353005
83.55,1644353088
83.87,1644353172
83.9,1644353255
83.88,1644353339
83.82,1644353423
83.73,1644353507
83.68,1644353591
83.63,1644353674
83.58,1644353758
83.53,1644353842
83.52,1644353925
83.52,1644354009
83.58,1644354092
83.68,1644354176
83.78,1644354259
83.87,1644354343
84.07,1644354427
84.27,1644354511
84.45,1644354595
84.62,1644354680
84.75,1644354765
84.9,1644354849
84.9,1644354934
84.92,1644355019
84.9,1644355104
84.9,1644355189
84.93,1644355274
84.97,1644355359
84.98,1644355444
85.05,1644355529
85.13,1644355614
85.18,1644355699
85.27,1644355784
85.37,1644355869
85.45,1644355955
85.48,1644356040
85.55,1644356126
85.68,1644356211
85.78,1644356297
85.87,1644356383
85.93,1644356468
86,1644356554
86.12,1644356640
86.27,1644356727
86.45,1644356813
86.58,1644356899
86.73,1644356986
86.88,1644357073
87.05,1644357159
87.18,1644357246
87.32,1644357334
87.47,1644357421
87.62,1644357508
87.85,1644357596
88.1,1644357684
88.3,1644357772
88.5,1644357860
88.72,1644357949
88.92,1644358038
89.13,1644358126
89.3,1644358216
89.5,1644358305
89.72,1644358394
89.93,1644358484
90.15,1644358574
90.35,1644358664
90.65,1644358755
90.97,1644358845
91.25,1644358936
91.52,1644359027
91.73,1644359119
91.95,1644359211
92,1644359303
92.07,1644359395
92.15,1644359487
92.25,1644359579
92.27,1644359671
92.32,1644359763
92.4,1644359856
92.45,1644359948
92.53,1644360041
92.57,1644360133
92.58,1644360226
92.5,1644360318
92.47,1644360411
92.43,1644360503
92.42,1644360596
92.4,1644360688
92.42,1644360780
92.47,1644360873
92.52,1644360965
92.58,1644361058
92.6,1644361150
92.65,1644361243
92.65,1644361336
92.65,1644361428
92.65,1644361521
92.65,1644361614
92.67,1644361706
92.7,1644361799
92.73,1644361892
92.82,1644361984
92.83,1644362077
92.88,1644362170
92.9,1644362263
92.95,1644362356
93,1644362449
92.98,1644362542
92.87,1644362635
92.75,1644362728
92.48,1644362820
92.08,1644362913
91.73,1644363005
91.33,1644363097
90.95,1644363188
90.55,1644363279
90.13,1644363369
89.73,1644363460
89.35,1644363549
88.98,1644363639
88.63,1644363728
88.12,1644363816
87.6,1644363904
87.1,1644363992
86.6,1644364079
86.1,1644364166
85.45,1644364252
84.83,1644364337
84.18,1644364422
83.97,1644364506
83.78,1644364590
83.57,1644364674
83.5,1644364758
83.4,1644364841
83.33,1644364924
83.25,1644365008
83.2,1644365091
83.08,1644365174
82.92,1644365257
82.77,1644365340
82.63,1644365423
82.53,1644365506
82.47,1644365588
82.52,1644365671
82.57,1644365753
82.62,1644365836
82.62,1644365918
82.65,1644366001
82.67,1644366084
82.65,1644366166
82.62,1644366249
82.6,1644366332
82.58,1644366414
82.53,1644366497
82.52,1644366579
82.48,1644366662
82.43,1644366744
82.37,1644366827
82.33,1644366909
82.28,1644366991
82.28,1644367074
82.23,1644367156
82.23,1644367238
82.27,1644367320
82.4,1644367403
82.48,1644367485
82.58,1644367568
82.75,1644367650
83.03,1644367733
83.3,1644367816
83.78,1644367899
84.4,1644367983
84.98,1644368067
85.52,1644368152
86.03,1644368238
86.53,1644368324
87.05,1644368410
87.48,1644368498
87.92,1644368585
88.4,1644368673
88.9,1644368761
89.5,1644368850
90.12,1644368940
90.7,1644369030
91.3,1644369121
91.88,1644369212
92.47,1644369304
92.95,1644369396
93.5,1644369489
93.62,1644369583
93.7,1644369676
93.75,1644369770
93.78,1644369864
93.83,1644369958
93.83,1644370051
93.88,1644370145
93.92,1644370239
93.98,1644370333
94.07,1644370427
94.15,1644370521
94.22,1644370615
94.28,1644370709
94.35,1644370804
94.4,1644370898
94.4,1644370992
94.4,1644371087
94.4,1644371181
94.4,1644371276
94.55,1644371370
94.73,1644371465
94.98,1644371559
95.22,1644371654
95.5,1644371749
95.73,1644371845
95.93,1644371941
96.15,1644372037
96.38,1644372133
96.62,1644372229
96.83,1644372326
97.07,1644372423
97.25,1644372520
97.47,1644372617
97.7,1644372714
97.92,1644372812
98.07,1644372910
98.2,1644373008
98.32,1644373106
98.43,1644373205
98.43,1644373303
98.47,1644373401
98.47,1644373500
98.38,1644373598
98.25,1644373697
98.13,1644373795
98,1644373893
97.93,1644373991
97.87,1644374089
97.9,1644374187
97.98,1644374285
97.77,1644374383
97.52,1644374481
97.27,1644374578
96.8,1644374675
96.37,1644374772
95.93,1644374869
95.53,1644374965
95.18,1644375060
94.78,1644375155
94.35,1644375250
93.92,1644375344
93.35,1644375438
92.87,1644375532
92.4,1644375625
92.15,1644375717
91.9,1644375809
91.62,1644375901
91.42,1644375993
91.22,1644376084
90.98,1644376175
90.75,1644376266
90.52,1644376357
90.28,1644376447
90.02,1644376538
89.75,1644376628
89.5,1644376718
89.27,1644376807
89.07,1644376896
88.85,1644376985
88.5,1644377074
88.12,1644377163
87.68,1644377251
87.25,1644377339
86.77,1644377426
86.32,1644377513
85.9,1644377599
85.47,1644377685
85.03,1644377770
84.58,1644377855
84.1,1644377940
83.67,1644378024
83.23,1644378108
82.75,1644378191
82.25,1644378274
81.7,1644378356
81.13,1644378438
80.58,1644378519
80.02,1644378599
79.4,1644378679
78.88,1644378759
78.35,1644378838
77.83,1644378916
77.4,1644378994
77.02,1644379071
76.65,1644379148
76.28,1644379225
75.87,1644379301
75.45,1644379377
75,1644379452
74.52,1644379527
74.27,1644379602
74.02,1644379676
73.8,1644379750
73.78,1644379824
73.75,1644379898
73.7,1644379972
73.62,1644380045
73.53,1644380119
73.53,1644380192
73.55,1644380266
73.58,1644380339
73.78,1644380413
73.92,1644380487
74.05,1644380561
73.98,1644380635
73.93,1644380709
73.85,1644380783
73.75,1644380857
73.65,1644380930
73.57,1644381004
73.5,1644381078
73.45,1644381151
73.38,1644381224
73.37,1644381298
73.37,1644381371
73.37,1644381445
73.35,1644381518
73.3,1644381591
73.22,1644381665
73.08,1644381738
73,1644381811
72.9,1644381884
72.83,1644381957
72.78,1644382030
72.75,1644382102
72.77,1644382175
72.83,1644382248
72.9,1644382321
72.95,1644382394
73.03,1644382467
73.08,1644382540
73.1,1644382613
73.17,1644382686
73.28,1644382759
73.42,1644382832
73.57,1644382906
73.75,1644382979
73.92,1644383053
74.1,1644383127
74.28,1644383201
74.45,1644383275
74.58,1644383350
74.68,1644383424
74.8,1644383499
74.88,1644383574
74.98,1644383649
75.08,1644383724
75.2,1644383799
75.32,1644383874
75.42,1644383949
75.53,1644384025
75.68,1644384100
75.78,1644384176
75.92,1644384252
76.03,1644384328
76.15,1644384404
76.28,1644384480
76.42,1644384556
76.55,1644384633
76.67,1644384709
76.78,1644384786
76.9,1644384863
77,1644384939
77.1,1644385016
77.22,1644385094
77.35,1644385171
77.47,1644385248
77.57,1644385326
77.67,1644385403
77.77,1644385481
77.82,1644385559
77.85,1644385636
77.88,1644385714
77.88,1644385792
77.85,1644385870
77.83,1644385948
77.82,1644386026
77.83,1644386103
77.88,1644386181
77.97,1644386259
78.03,1644386337
78.08,1644386415
78.12,1644386493
78.15,1644386571
78.15,1644386650
78.12,1644386728
78.05,1644386806
77.98,1644386884
77.93,1644386962
77.87,1644387040
77.8,1644387118
77.77,1644387195
77.68,1644387273
77.55,1644387351
77.4,1644387428
77.25,1644387506
77.1,1644387583
76.98,1644387660
76.9,1644387737
76.83,1644387814
76.75,1644387891
76.67,1644387968
76.58,1644388044
76.5,1644388121
76.45,1644388197
76.4,1644388274
76.37,1644388350
76.35,1644388427
76.32,1644388503
76.28,1644388579
76.22,1644388656
76.13,1644388732
76.08,1644388808
76,1644388884
75.93,1644388960
75.9,1644389036
75.9,1644389112
75.88,1644389188
75.88,1644389264
75.9,1644389339
75.88,1644389415
75.85,1644389491
75.85,1644389567
75.83,1644389643
75.78,1644389719
75.68,1644389795
75.63,1644389870
75.58,1644389946
75.53,1644390021
75.5,1644390097
75.5,1644390173
75.48,1644390248
75.45,1644390323
75.4,1644390399
75.4,1644390474
75.37,1644390550
75.3,1644390625
75.22,1644390700
75.13,1644390776
75.1,1644390851
75.03,1644390926
75.02,1644391001
75.02,1644391076
75,1644391151
74.95,1644391226
74.77,1644391301
74.8,1644391376
74.82,1644391450
74.85,1644391525
74.87,1644391600
74.87,1644391675
74.9,1644391750
74.95,1644391825
75.03,1644391900
75.17,1644391975
75.33,1644392050
75.5,1644392125
75.68,1644392201
75.87,1644392276
76.02,1644392352
76.18,1644392428
76.23,1644392504
76.33,1644392581
76.38,1644392657
76.42,1644392733
76.45,1644392810
76.5,1644392886
76.52,1644392963
76.52,1644393039
76.5,1644393116
76.52,1644393192
76.53,1644393269
76.55,1644393345
76.47,1644393422
76.38,1644393498
76.3,1644393575
76.2,1644393651
76.1,1644393727
76,1644393803
75.9,1644393879
75.83,1644393955
75.77,1644394031
75.68,1644394107
75.58,1644394183
75.48,1644394258
75.42,1644394334
75.32,1644394409
75.2,1644394484
75.08,1644394560
74.95,1644394635
74.82,1644394710
74.7,1644394784
74.63,1644394859
74.62,1644394934
74.57,1644395008
74.55,1644395083
74.57,1644395157
74.58,1644395232
74.62,1644395307
74.62,1644395381
74.62,1644395456
74.6,1644395530
74.55,1644395605
74.52,1644395680
74.53,1644395754
74.67,1644395829
74.55,1644395903
74.45,1644395978
74.37,1644396052
74.3,1644396127
74.23,1644396201
74.13,1644396275
74.03,1644396349
73.93,1644396423
73.8,1644396497
73.63,1644396571
73.43,1644396645
73.23,1644396718
73.03,1644396791
72.87,1644396864
72.72,1644396937
72.65,1644397010
72.57,1644397083
72.52,1644397155
72.48,1644397228
72.45,1644397300
72.38,1644397373
72.32,1644397445
72.28,1644397517
72.23,1644397590
72.15,1644397662
72.07,1644397734
71.97,1644397806
71.98,1644397878
72,1644397950
72.02,1644398022
72.03,1644398094
72.03,1644398166
72.03,1644398238
72.03,1644398310
72.02,1644398382
72,1644398454
71.98,1644398526
71.95,1644398598
71.92,1644398670
71.87,1644398742
71.83,1644398814
71.8,1644398886
71.78,1644398958
71.78,1644399029
71.78,1644399101
71.78,1644399173
71.77,1644399245
71.72,1644399317
71.67,1644399388
71.58,1644399460
71.52,1644399531
71.4,1644399603
71.28,1644399674
71.17,1644399746
71.07,1644399817
70.97,1644399888
70.87,1644399959
70.77,1644400030
70.67,1644400101
70.55,1644400171
70.45,1644400242
70.35,1644400312
70.23,1644400383
70.12,1644400453
70.05,1644400523
70.02,1644400593
70,1644400663
69.98,1644400733
69.98,1644400803
69.98,1644400873
69.98,1644400943
69.97,1644401013
69.93,1644401083
69.9,1644401153
69.85,1644401223
69.82,1644401293
69.73,1644401362
69.62,1644401432
69.5,1644401502
69.4,1644401571
69.3,1644401641
69.22,1644401710
69.12,1644401779
68.9,1644401848
68.65,1644401917
68.43,1644401986
68.25,1644402054
68.15,1644402122
68.03,1644402191
67.88,1644402259
67.73,1644402327
67.62,1644402394
67.52,1644402462
67.43,1644402529
67.38,1644402597
67.35,1644402664
67.38,1644402732
67.43,1644402799
67.5,1644402866
67.58,1644402934
67.65,1644403001
67.7,1644403069
67.73,1644403137
68.05,1644403205
68.37,1644403273
68.67,1644403341
68.95,1644403410
69.25,1644403479
69.55,1644403548
69.87,1644403617
70.17,1644403687
70.5,1644403757
70.78,1644403828
71,1644403899
71.18,1644403970
71.38,1644404041
71.6,1644404112
71.83,1644404184
72.05,1644404256
72.3,1644404328
72.55,1644404400
72.8,1644404473
73.03,1644404545
73.25,1644404618
73.43,1644404692
73.62,1644404765
73.8,1644404839
73.87,1644404913
73.92,1644404986
73.95,1644405060
74.03,1644405134
74.13,1644405208
74.28,1644405282
74.4,1644405357
74.53,1644405431
74.67,1644405506
74.82,1644405580
75,1644405655
75.17,1644405730
75.33,1644405805
75.5,1644405881
75.65,1644405956
75.83,1644406032
76.17,1644406108
76.57,1644406184
76.93,1644406260
77.3,1644406337
77.58,1644406415
77.88,1644406492
78.22,1644406570
78.55,1644406648
78.85,1644406727
79.1,1644406806
79.38,1644406885
79.63,1644406964
79.85,1644407044
80,1644407124
80.17,1644407204
80.33,1644407284
80.32,1644407364
80.33,1644407444
80.37,1644407525
80.43,1644407605
80.23,1644407686
80.03,1644407766
79.88,1644407846
79.77,1644407926
79.67,1644408005
79.53,1644408085
79.42,1644408165
79.3,1644408244
79.2,1644408323
79.12,1644408403
79.08,1644408482
79.07,1644408561
79.03,1644408640
79.02,1644408719
78.97,1644408798
78.95,1644408877
78.9,1644408956
78.87,1644409035
78.83,1644409114
78.82,1644409192
78.83,1644409271
78.87,1644409350
78.88,1644409429
78.88,1644409508
78.98,1644409587
79.07,1644409666
79.17,1644409745
79.23,1644409824
79.3,1644409903
79.33,1644409982
79.37,1644410062
79.4,1644410141
79.45,1644410221
79.52,1644410300
79.55,1644410380
79.58,1644410459
79.58,1644410539
79.57,1644410618
79.53,1644410698
79.47,1644410777
79.4,1644410857
79.33,1644410936
79.27,1644411016
79.23,1644411095
79.17,1644411174
79.12,1644411253
79.05,1644411332
78.97,1644411411
78.88,1644411490
78.83,1644411569
78.73,1644411648
78.67,1644411727
78.58,1644411805
78.53,1644411884
78.48,1644411963
78.43,1644412041
78.57,1644412119
78.7,1644412198
78.85,1644412277
78.98,1644412356
79.12,1644412435
79.25,1644412514
79.35,1644412593
79.45,1644412672
79.58,1644412752
79.73,1644412831
79.87,1644412911
80,1644412991
80.13,1644413071
80.2,1644413151
80.22,1644413231
80.22,1644413311
80.2,1644413392
80.17,1644413472
80.17,1644413552
80.1,1644413632
80.02,1644413712
79.93,1644413792
79.87,1644413872
79.77,1644413952
79.62,1644414032
79.42,1644414112
79.17,1644414191
78.92,1644414270
78.68,1644414349
78.43,1644414428
78.12,1644414506
77.8,1644414584
77.47,1644414662
77.17,1644414740
77.02,1644414817
76.9,1644414894
76.72,1644414971
76.52,1644415047
76.35,1644415124
76.23,1644415200
76.17,1644415276
76.05,1644415353
75.93,1644415429
75.82,1644415505
75.67,1644415580
75.48,1644415656
75.3,1644415732
75.07,1644415807
74.85,1644415882
74.63,1644415957
74.38,1644416031
74.17,1644416106
73.98,1644416180
73.8,1644416254
73.57,1644416328
73.32,1644416401
73.1,1644416475
72.83,1644416548
72.55,1644416621
72.25,1644416693
71.95,1644416765
71.63,1644416837
71.32,1644416909
71.03,1644416980
70.75,1644417051
70.47,1644417122
70.17,1644417193
69.85,1644417263
69.47,1644417333
69.1,1644417402
68.73,1644417471
68.37,1644417540
67.98,1644417608
67.62,1644417676
67.27,1644417744
66.9,1644417811
66.53,1644417878
66.17,1644417945
65.95,1644418011
66,1644418077
66.07,1644418143
65.83,1644418209
65.6,1644418275
65.4,1644418340
65.25,1644418406
65.05,1644418471
64.88,1644418536
64.67,1644418601
64.4,1644418665
64.17,1644418730
63.93,1644418794
63.83,1644418858
63.73,1644418922
63.72,1644418985
63.55,1644419049
63.35,1644419113
63.22,1644419176
63.12,1644419239
63.05,1644419302
62.95,1644419365
62.8,1644419428
62.72,1644419491
62.67,1644419554
62.65,1644419617
62.72,1644419679
62.82,1644419742
62.93,1644419805
63.02,1644419868
63.15,1644419931
63.28,1644419994
63.4,1644420057
63.5,1644420121
63.57,1644420184
63.62,1644420248
63.72,1644420311
63.82,1644420375
63.95,1644420439
64.13,1644420503
64.23,1644420567
64.28,1644420631
64.33,1644420695
64.4,1644420760
64.47,1644420824
64.48,1644420889
64.48,1644420953
64.48,1644421018
64.52,1644421082
64.55,1644421147
64.6,1644421211
64.63,1644421276
64.67,1644421340
64.72,1644421405
64.95,1644421470
65.38,1644421535
65.8,1644421600
66.23,1644421666
66.7,1644421732
67.2,1644421799
67.5,1644421866
67.62,1644421933
67.77,1644422001
68.2,1644422069
68.68,1644422137
69.17,1644422206
69.62,1644422275
70.12,1644422345
70.62,1644422415
71.18,1644422485
71.77,1644422556
72.4,1644422628
73.15,1644422701
73.7,1644422774
74.18,1644422847
74.53,1644422922
74.92,1644422996
75.32,1644423071
75.63,1644423146
75.9,1644423222
76.1,1644423298
76.37,1644423374
76.63,1644423450
76.85,1644423527
77.05,1644423604
77.17,1644423681
77.23,1644423758
77.3,1644423835
77.37,1644423913
77.55,1644423990
77.72,1644424068
77.97,1644424145
78.3,1644424223
78.65,1644424302
79,1644424380
79.35,1644424459
79.78,1644424539
80.17,1644424618
80.4,1644424699
80.67,1644424779
81.02,1644424860
81.38,1644424941
81.8,1644425022
81.97,1644425104
82.1,1644425186
82.27,1644425268
82.43,1644425350
82.6,1644425433
82.73,1644425515
82.87,1644425598
82.97,1644425681
83.13,1644425764
83.42,1644425847
83.65,1644425930
83.68,1644426014
83.6,1644426098
83.53,1644426181
83.62,1644426265
83.65,1644426348
83.6,1644426432
83.55,1644426516
83.43,1644426599
83.28,1644426683
83.08,1644426766
82.85,1644426849
82.62,1644426932
82.43,1644427014
82.32,1644427097
82.22,1644427179
82.12,1644427261
82.03,1644427344
81.9,1644427426
81.62,1644427507
81.43,1644427589
81.25,1644427671
81.08,1644427752
80.87,1644427833
80.67,1644427914
80.45,1644427994
80.32,1644428075
80.22,1644428155
80.03,1644428235
79.8,1644428315
79.63,1644428395
79.45,1644428475
79.33,1644428554
79.22,1644428634
79.1,1644428713
78.8,1644428792
78.4,1644428871
78.02,1644428949
77.57,1644429027
77.12,1644429105
76.65,1644429182
76.2,1644429258
75.75,1644429335
75.22,1644429410
74.73,1644429486
74.38,1644429560
73.98,1644429635
73.6,1644429709
73.27,1644429782
72.88,1644429856
72.73,1644429928
72.62,1644430001
72.47,1644430074
72.32,1644430146
72.2,1644430219
72.13,1644430291
72.07,1644430363
72.02,1644430435
71.9,1644430507
71.65,1644430579
71.4,1644430651
71.17,1644430722
70.9,1644430793
70.65,1644430864
70.28,1644430935
69.95,1644431005
69.63,1644431075
69.35,1644431145
69.08,1644431214
68.83,1644431283
68.65,1644431352
68.35,1644431420
68,1644431489
67.97,1644431557
67.85,1644431625
67.72,1644431693
67.58,1644431760
67.43,1644431828
67.27,1644431895
67.18,1644431963
67.05,1644432030
66.98,1644432097
66.92,1644432164
66.88,1644432231
66.82,1644432298
66.82,1644432364
66.78,1644432431
66.73,1644432498
66.7,1644432565
66.75,1644432632
66.78,1644432698
66.85,1644432765
66.9,1644432832
66.93,1644432899
66.97,1644432966
67.15,1644433033
67.33,1644433100
67.47,1644433167
67.55,1644433235
67.6,1644433302
67.65,1644433370
67.7,1644433437
67.78,1644433505
67.87,1644433573
67.95,1644433641
68.03,1644433709
68.12,1644433777
68.2,1644433845
68.27,1644433913
68.33,1644433981
68.38,1644434050
68.4,1644434118
68.4,1644434186
68.38,1644434255
68.33,1644434323
68.25,1644434392
68.17,1644434460
68.1,1644434528
68.07,1644434596
68.05,1644434664
68.05,1644434732
68.05,1644434800
68.03,1644434868
68.02,1644434936
67.98,1644435004
67.95,1644435072
67.97,1644435140
67.97,1644435208
67.97,1644435276
67.97,1644435344
67.97,1644435412
68.05,1644435480
68.17,1644435548
67.9,1644435616
67.67,1644435684
67.42,1644435752
67.18,1644435819
66.98,1644435887
66.8,1644435954
66.63,1644436020
66.5,1644436087
66.22,1644436153
65.87,1644436220
65.92,1644436286
65.95,1644436351
66,1644436417
66.03,1644436483
66.08,1644436549
66.13,1644436616
66.17,1644436682
66.2,1644436748
66.22,1644436814
66.25,1644436880
66.32,1644436947
66.37,1644437013
66.43,1644437079
66.52,1644437146
66.6,1644437212
66.72,1644437279
66.8,1644437345
66.85,1644437412
66.9,1644437479
66.98,1644437546
67.07,1644437613
67.15,1644437680
67.22,1644437747
67.43,1644437814
67.63,1644437882
67.8,1644437949
68.02,1644438017
68.32,1644438085
68.6,1644438154
68.88,1644438222
69.15,1644438291
69.4,1644438360
69.65,1644438430
69.9,1644438499
70.23,1644438569
70.53,1644438639
70.73,1644438710
70.93,1644438781
71.13,1644438852
71.33,1644438923
71.55,1644438994
71.78,1644439066
71.88,1644439137
71.95,1644439209
72.05,1644439281
72.17,1644439353
72.28,1644439425
72.4,1644439498
72.53,1644439570
72.67,1644439643
72.87,1644439715
73.07,1644439788
73.3,1644439861
73.47,1644439935
73.62,1644440008
73.78,1644440082
73.92,1644440155
74.02,1644440229
74.27,1644440303
74.6,1644440378
74.48,1644440452
74.33,1644440527
74.17,1644440601
74.07,1644440675
73.93,1644440749
73.78,1644440823
73.72,1644440897
73.65,1644440971
73.58,1644441044
73.5,1644441118
73.4,1644441191
73.42,1644441265
73.45,1644441338
73.48,1644441412
73.48,1644441485
73.45,1644441559
73.43,1644441632
73.35,1644441706
73.27,1644441779
73.13,1644441852
72.98,1644441925
72.83,1644441998
72.68,1644442071
72.53,1644442144
72.42,1644442216
72.33,1644442289
72.2,1644442361
72.02,1644442433
71.88,1644442505
71.7,1644442577
71.6,1644442649
71.52,1644442721
71.43,1644442792
71.35,1644442863
71.17,1644442935
71,1644443006
70.93,1644443077
70.88,1644443148
70.83,1644443219
70.8,1644443290
70.75,1644443360
70.68,1644443431
70.75,1644443502
70.83,1644443573
70.92,1644443643
71,1644443714
71.08,1644443785
71.2,1644443856
71.32,1644443928
71.45,1644443999
71.53,1644444070
71.63,1644444142
71.72,1644444214
71.83,1644444285
71.93,1644444357
72,1644444429
72.08,1644444501
72.12,1644444573
72.3,1644444645
72.47,1644444718
72.67,1644444790
72.9,1644444863
73.12,1644444936
73.25,1644445009
73.38,1644445082
73.5,1644445155
73.5,1644445229
73.48,1644445302
73.47,1644445376
73.45,1644445449
73.43,1644445523
73.27,1644445596
73.07,1644445669
72.83,1644445743
72.62,1644445815
72.42,1644445888
72.23,1644445960
72.15,1644446033
72.07,1644446105
71.95,1644446177
71.85,1644446249
71.95,1644446321
72.05,1644446393
72.02,1644446465
71.95,1644446537
71.88,1644446609
71.82,1644446680
71.75,1644446752
71.7,1644446824
71.72,1644446896
71.72,1644446967
71.72,1644447039
71.72,1644447111
71.72,1644447183
71.7,1644447254
71.67,1644447326
71.63,1644447398
71.58,1644447469
71.52,1644447541
71.48,1644447612
71.52,1644447684
71.6,1644447755
71.7,1644447827
71.83,1644447899
71.95,1644447971
72.07,1644448043
72.17,1644448115
72.23,1644448187
72.28,1644448259
72.33,1644448331
72.33,1644448404
72.2,1644448476
72.02,1644448548
71.8,1644448620
71.57,1644448692
71.33,1644448764
71.15,1644448835
71.17,1644448906
70.97,1644448977
70.78,1644449048
70.58,1644449119
70.42,1644449190
70.28,1644449260
70.28,1644449330
70.3,1644449400
70.33,1644449471
70.38,1644449541
70.43,1644449611
70.47,1644449682
70.42,1644449752
70.43,1644449823
70.52,1644449893
70.63,1644449964
70.78,1644450034
70.97,1644450105
71.15,1644450176
71.33,1644450247
71.5,1644450319
71.67,1644450390
71.85,1644450462
72.03,1644450534
72,1644450606
71.97,1644450678
71.9,1644450750
71.72,1644450822
71.55,1644450893
71.5,1644450965
71.42,1644451036
71.27,1644451108
71.25,1644451179
71.22,1644451250
71.2,1644451321
71.2,1644451393
71.2,1644451464
71.1,1644451535
71.12,1644451606
71.12,1644451677
71.08,1644451748
71.03,1644451819
70.95,1644451891
70.8,1644451961
70.58,1644452032
70.35,1644452103
70.08,1644452173
69.82,1644452243
69.55,1644452313
69.33,1644452383
69.13,1644452452
68.93,1644452521
68.73,1644452590
68.6,1644452659
68.58,1644452727
68.62,1644452796
68.68,1644452865
68.77,1644452933
68.87,1644453002
68.87,1644453071
68.7,1644453140
68.82,1644453208
68.92,1644453277
69.07,1644453346
69.27,1644453415
69.45,1644453485
69.5,1644453554
69.55,1644453623
69.62,1644453693
69.67,1644453763
69.75,1644453832
69.83,1644453902
70.02,1644453972
70.12,1644454042
70.18,1644454112
70.3,1644454182
70.27,1644454253
70.2,1644454323
70.13,1644454393
70.05,1644454463
69.98,1644454533
69.9,1644454603
69.85,1644454673
69.83,1644454743
69.83,1644454813
69.87,1644454883
69.93,1644454952
70.15,1644455022
70.37,1644455093
70.48,1644455163
70.63,1644455233
70.82,1644455304
70.9,1644455375
70.93,1644455446
70.92,1644455517
70.85,1644455588
70.78,1644455658
70.95,1644455729
71,1644455800
71.03,1644455871
71.08,1644455942
71.47,1644456013
71.83,1644456085
72.2,1644456157
72.58,1644456229
72.98,1644456301
73.33,1644456374
73.73,1644456448
74.15,1644456521
74.55,1644456596
74.97,1644456670
75.35,1644456745
75.75,1644456820
76.13,1644456896
76.43,1644456972
76.8,1644457049
77.3,1644457126
77.82,1644457203
78.38,1644457281
78.95,1644457359
79.62,1644457438
80.1,1644457518
80.53,1644457598
80.92,1644457678
81.28,1644457759
81.63,1644457840
81.62,1644457922
81.53,1644458004
81.45,1644458085
81.38,1644458167
81.32,1644458248
81.27,1644458329
81.2,1644458411
81.13,1644458492
81.07,1644458573
80.92,1644458654
80.9,1644458735
80.9,1644458816
80.9,1644458897
80.92,1644458978
80.93,1644459059
80.97,1644459139
80.98,1644459220
80.95,1644459301
80.93,1644459382
80.88,1644459463
80.82,1644459544
80.75,1644459625
80.68,1644459706
80.6,1644459786
80.52,1644459867
80.43,1644459948
80.3,1644460028
80.17,1644460108
80.07,1644460188
80,1644460269
79.93,1644460349
79.75,1644460428
79.58,1644460508
79.45,1644460588
79.33,1644460667
78.93,1644460747
78.55,1644460826
78.22,1644460904
77.9,1644460982
77.58,1644461060
77.33,1644461138
77.03,1644461215
76.72,1644461292
76.37,1644461369
75.97,1644461445
75.58,1644461521
75.17,1644461597
74.75,1644461672
74.4,1644461747
74.02,1644461821
73.5,1644461895
72.98,1644461969
72.43,1644462042
71.97,1644462114
71.45,1644462186
70.92,1644462257
70.45,1644462328
70.05,1644462399
69.6,1644462469
69.18,1644462538
69.17,1644462608
69.23,1644462677
69.32,1644462746
69.43,1644462815
69.55,1644462885
69.68,1644462954
69.83,1644463024
70.02,1644463094
70.22,1644463164
70.43,1644463234
70.68,1644463305
70.92,1644463375
71.12,1644463446
71.3,1644463517
71.48,1644463589
71.67,1644463660
71.83,1644463732
72.02,1644463804
72.17,1644463876
72.3,1644463948
72.42,1644464020
72.53,1644464092
72.72,1644464165
72.85,1644464238
72.97,1644464311
73.12,1644464383
73.27,1644464457
73.47,1644464530
73.68,1644464603
73.9,1644464677
74.15,1644464751
74.45,1644464825
74.75,1644464900
75.12,1644464974
75.48,1644465049
75.83,1644465125
76.17,1644465201
76.4,1644465277
76.63,1644465353
76.83,1644465430
76.98,1644465507
77.12,1644465584
77.25,1644465661
77.35,1644465738
77.47,1644465815
77.6,1644465893
77.75,1644465971
77.9,1644466048
78.07,1644466126
78.2,1644466204
78.32,1644466282
78.45,1644466361
78.57,1644466439
78.58,1644466518
78.58,1644466596
78.55,1644466675
78.47,1644466753
78.35,1644466832
78.25,1644466910
78.13,1644466989
77.97,1644467067
77.82,1644467145
77.68,1644467222
77.52,1644467300
77.33,1644467378
77.15,1644467455
76.92,1644467532
76.65,1644467609
76.38,1644467686
76.12,1644467762
75.85,1644467838
75.63,1644467914
75.48,1644467990
75.35,1644468065
75.2,1644468141
75,1644468216
74.8,1644468291
74.62,1644468366
74.43,1644468440
74.27,1644468515
74.13,1644468589
73.98,1644468663
73.75,1644468737
73.57,1644468811
73.37,1644468884
73.13,1644468958
72.93,1644469031
72.72,1644469104
72.43,1644469176
72.18,1644469249
71.92,1644469321
71.62,1644469393
71.33,1644469465
71,1644469536
70.7,1644469607
70.43,1644469678
70.2,1644469748
70.03,1644469818
69.85,1644469888
69.68,1644469958
69.55,1644470028
69.43,1644470097
69.32,1644470167
69.27,1644470236
69.23,1644470305
69.25,1644470375
69.27,1644470444
69.3,1644470513
69.33,1644470582
69.37,1644470652
69.38,1644470721
69.35,1644470790
69.3,1644470860
69.28,1644470929
69.25,1644470998
69.22,1644471068
69.2,1644471137
69.18,1644471206
69.18,1644471275
69.22,1644471344
69.27,1644471414
69.3,1644471483
69.3,1644471552
69.3,1644471622
69.33,1644471691
69.35,1644471760
69.42,1644471830
69.5,1644471899
69.62,1644471968
69.75,1644472038
69.92,1644472108
70.03,1644472178
70.1,1644472248
70.13,1644472318
70.17,1644472388
70.22,1644472458
70.28,1644472528
70.28,1644472599
70.3,1644472669
70.33,1644472739
70.37,1644472810
70.42,1644472880
70.47,1644472950
70.53,1644473021
70.62,1644473091
70.72,1644473162
70.82,1644473233
70.88,1644473304
71,1644473374
71.08,1644473445
71.15,1644473516
71.22,1644473588
71.28,1644473659
71.35,1644473730
71.4,1644473801
71.43,1644473873
71.47,1644473944
71.52,1644474016
71.58,1644474087
71.67,1644474159
71.77,1644474231
71.85,1644474302
71.92,1644474374
71.95,1644474446
71.95,1644474518
71.85,1644474590
71.72,1644474662
71.57,1644474734
71.4,1644474805
71.23,1644474877
71.08,1644474948
70.97,1644475019
70.87,1644475090
70.82,1644475161
70.78,1644475232
70.77,1644475302
70.78,1644475373
70.78,1644475444
70.77,1644475515
70.73,1644475585
70.72,1644475656
70.68,1644475727
70.65,1644475798
70.65,1644475868
70.62,1644475939
70.62,1644476009
70.62,1644476080
70.62,1644476151
70.6,1644476221
70.57,1644476292
70.48,1644476362
70.42,1644476433
70.33,1644476503
70.28,1644476574
70.25,1644476644
70.25,1644476714
70.25,1644476784
70.32,1644476855
70.42,1644476925
70.52,1644476995
70.6,1644477066
70.7,1644477137
70.82,1644477207
70.9,1644477278
70.97,1644477349
71.02,1644477420
71.02,1644477491
71.05,1644477562
71.07,1644477633
71.05,1644477704
71.03,1644477775
71.03,1644477846
71,1644477917
70.92,1644477988
70.8,1644478059
70.7,1644478130
70.58,1644478201
70.47,1644478271
70.33,1644478342
70.23,1644478412
70.07,1644478482
69.95,1644478552
69.85,1644478622
69.75,1644478692
69.67,1644478762
69.65,1644478832
69.67,1644478901
69.7,1644478971
69.78,1644479041
69.88,1644479110
70.03,1644479180
70.18,1644479250
70.35,1644479320
70.48,1644479391
70.58,1644479461
70.65,1644479532
70.65,1644479603
70.68,1644479673
70.63,1644479744
70.6,1644479814
70.52,1644479885
70.47,1644479956
70.42,1644480026
70.35,1644480096
70.28,1644480167
70.18,1644480237
70.1,1644480307
70.03,1644480377
69.98,1644480447
69.95,1644480517
69.93,1644480587
69.93,1644480657
69.98,1644480727
70.03,1644480797
70.1,1644480867
70.17,1644480937
70.25,1644481007
70.32,1644481078
70.37,1644481148
70.4,1644481218
70.43,1644481289
70.42,1644481359
70.37,1644481430
70.32,1644481500
70.28,1644481570
70.23,1644481641
70.2,1644481711
70.15,1644481781
70.08,1644481851
70.05,1644481921
70.02,1644481991
69.92,1644482061
69.82,1644482131
69.78,1644482201
69.8,1644482271
69.83,1644482341
69.87,1644482411
69.9,1644482480
69.95,1644482550
69.97,1644482620
70.07,1644482690
70.17,1644482760
70.28,1644482830
70.4,1644482901
70.5,1644482971
70.58,1644483042
70.65,1644483112
70.7,1644483183
70.73,1644483254
70.77,1644483324
70.77,1644483395
70.62,1644483466
70.48,1644483536
70.4,1644483607
70.35,1644483677
70.35,1644483748
70.38,1644483818
70.4,1644483888
70.43,1644483959
70.47,1644484029
70.55,1644484100
70.6,1644484170
70.63,1644484241
70.65,1644484312
70.67,1644484382
70.7,1644484453
70.7,1644484524
70.68,1644484594
70.6,1644484665
70.53,1644484736
70.48,1644484806
70.42,1644484877
70.32,1644484947
70.18,1644485017
70.02,1644485087
69.83,1644485157
69.65,1644485227
69.45,1644485297
69.23,1644485366
69.02,1644485436
68.8,1644485505
68.6,1644485573
68.42,1644485642
68.25,1644485710
68.1,1644485779
67.98,1644485847
67.92,1644485915
67.88,1644485983
67.9,1644486051
67.97,1644486118
68.02,1644486186
68.08,1644486254
68.17,1644486323
68.18,1644486391
68.17,1644486459
68.1,1644486527
68.03,1644486595
67.93,1644486663
67.82,1644486731
67.68,1644486799
67.5,1644486867
67.28,1644486934
67.03,1644487001
66.75,1644487068
66.48,1644487135
66.28,1644487202
66.08,1644487268
65.9,1644487334
65.7,1644487400
65.52,1644487466
65.43,1644487531
65.48,1644487597
65.52,1644487662
65.5,1644487728
65.5,1644487793
65.52,1644487859
65.58,1644487924
65.67,1644487990
65.8,1644488055
65.9,1644488121
66,1644488187
66.07,1644488253
66.15,1644488319
66.15,1644488385
66.15,1644488451
66.12,1644488518
66.12,1644488584
66.1,1644488650
66.13,1644488716
66.12,1644488782
66.05,1644488848
65.98,1644488914
65.97,1644488980
65.97,1644489046
65.97,1644489112
66,1644489178
66.05,1644489244
66.12,1644489310
66.2,1644489376
66.28,1644489442
66.4,1644489509
66.52,1644489575
66.63,1644489642
66.7,1644489708
66.77,1644489775
66.85,1644489842
66.92,1644489909
66.97,1644489976
66.98,1644490043
66.93,1644490109
66.93,1644490176
67.05,1644490243
67.17,1644490310
67.3,1644490378
67.45,1644490445
67.62,1644490512
67.8,1644490580
67.98,1644490648
68.13,1644490716
68.3,1644490784
68.45,1644490852
68.53,1644490921
68.63,1644490989
68.77,1644491058
68.9,1644491127
68.93,1644491195
69.03,1644491264
69.12,1644491333
69.2,1644491403
69.27,1644491472
69.25,1644491541
69.23,1644491610
69.23,1644491679
69.23,1644491749
69.25,1644491818
69.22,1644491887
69.15,1644491956
69.07,1644492026
68.97,1644492095
68.88,1644492164
68.8,1644492232
68.73,1644492301
68.67,1644492370
68.68,1644492439
68.73,1644492507
68.8,1644492576
68.85,1644492645
68.92,1644492714
68.97,1644492783
69.03,1644492852
69.12,1644492921
69.2,1644492990
69.22,1644493059
69.23,1644493128
69.28,1644493197
69.3,1644493267
69.3,1644493336
69.28,1644493405
69.27,1644493475
69.25,1644493544
69.2,1644493613
69.15,1644493682
69.15,1644493751
69.17,1644493821
69.18,1644493890
69.22,1644493959
69.25,1644494028
69.3,1644494097
69.37,1644494167
69.35,1644494236
69.3,1644494305
69.15,1644494375
68.97,1644494444
68.82,1644494513
68.65,1644494582
68.47,1644494650
68.3,1644494719
68.15,1644494787
68.02,1644494855
67.87,1644494923
67.75,1644494991
67.7,1644495059
67.65,1644495127
67.6,1644495194
67.55,1644495262
67.52,1644495329
67.45,1644495397
67.42,1644495464
67.38,1644495532
67.35,1644495599
67.32,1644495667
67.32,1644495734
67.28,1644495801
67.27,1644495868
67.23,1644495936
67.22,1644496003
67.2,1644496070
67.22,1644496137
67.25,1644496205
67.27,1644496272
67.3,1644496339
67.35,1644496406
67.4,1644496474
67.48,1644496541
67.5,1644496609
67.42,1644496676
67.33,1644496744
67.25,1644496811
67.17,1644496878
67.05,1644496945
66.83,1644497012
66.65,1644497079
66.6,1644497146
66.62,1644497212
66.65,1644497279
66.7,1644497346
66.75,1644497412
66.82,1644497479
66.87,1644497546
66.9,1644497613
66.92,1644497680
66.93,1644497747
66.88,1644497814
66.85,1644497880
66.78,1644497947
66.67,1644498014
66.52,1644498081
66.35,1644498147
66.18,1644498214
66.12,1644498280
66.05,1644498346
65.98,1644498412
65.95,1644498478
65.9,1644498544
65.85,1644498610
65.8,1644498676
65.72,1644498741
65.65,1644498807
65.6,1644498873
65.57,1644498938
65.53,1644499004
65.5,1644499070
65.48,1644499135
65.52,1644499201
65.55,1644499266
65.62,1644499332
65.7,1644499397
65.7,1644499463
65.7,1644499529
65.7,1644499594
65.67,1644499660
65.58,1644499726
65.52,1644499791
65.48,1644499857
65.42,1644499922
65.33,1644499988
65.27,1644500053
65.12,1644500118
64.93,1644500183
64.77,1644500248
64.58,1644500313
64.37,1644500378
64.12,1644500442
63.85,1644500506
63.63,1644500570
63.5,1644500634
63.3,1644500697
63.35,1644500760
63.4,1644500824
63.48,1644500887
63.6,1644500951
63.67,1644501014
63.85,1644501078
64,1644501142
64.13,1644501206
64.28,1644501270
64.42,1644501334
64.58,1644501399
64.77,1644501463
64.95,1644501528
65.08,1644501593
65.27,1644501658
65.5,1644501723
65.75,1644501789
66,1644501855
66.22,1644501921
66.42,1644501987
66.6,1644502053
66.82,1644502120
67.07,1644502187
67.37,1644502254
67.63,1644502321
67.83,1644502389
68.05,1644502456
68.28,1644502525
68.5,1644502593
68.7,1644502661
68.88,1644502730
69.07,1644502799
69.25,1644502868
69.43,1644502937
69.6,1644503007
69.73,1644503076
69.83,1644503146
69.95,1644503216
70.07,1644503286
70.12,1644503356
70.22,1644503426
70.33,1644503496
70.47,1644503566
70.62,1644503637
70.8,1644503708
70.97,1644503778
71.1,1644503849
71.27,1644503920
71.45,1644503992
71.63,1644504063
71.85,1644504135
72.1,1644504207
72.32,1644504279
72.42,1644504351
72.62,1644504423
72.87,1644504496
73.1,1644504569
73.3,1644504642
73.52,1644504715
73.8,1644504789
73.85,1644504863
73.88,1644504937
74.15,1644505010
74.45,1644505085
74.73,1644505159
74.8,1644505234
74.83,1644505309
74.82,1644505383
74.72,1644505458
74.63,1644505533
74.52,1644505608
74.32,1644505682
74.13,1644505756
74.02,1644505831
