Participant,IBI,Time,Label
27,28.078125,1646646346,0
27,28.859375,1646646347,0
27,53.34375,1646646347,0
27,54.140625,1646646348,0
27,54.890625,1646646349,0
27,59.640625,1646646350,0
27,60.421875,1646646351,0
27,61.21875,1646646351,0
27,104.5,1646646352,0
27,105.3125,1646646353,0
27,106.078125,1646646354,0
27,106.921875,1646646355,0
27,107.765625,1646646355,0
27,108.625,1646646356,0
27,109.421875,1646646357,0
27,110.296875,1646646358,0
27,111.15625,1646646359,0
27,111.953125,1646646360,0
27,112.703125,1646646360,0
27,113.484375,1646646361,0
27,114.296875,1646646362,0
27,115.109375,1646646363,0
27,115.96875,1646646364,0
27,116.96875,1646646365,0
27,117.828125,1646646365,0
27,118.703125,1646646366,0
27,119.5625,1646646367,0
27,120.40625,1646646368,0
27,121.25,1646646369,0
27,122.078125,1646646370,0
27,122.875,1646646371,0
27,123.671875,1646646371,0
27,124.484375,1646646372,0
27,125.265625,1646646373,0
27,126.078125,1646646374,0
27,126.921875,1646646375,0
27,127.703125,1646646375,0
27,128.5,1646646376,0
27,129.328125,1646646377,0
27,130.09375,1646646378,0
27,130.890625,1646646379,0
27,131.6875,1646646379,0
27,132.5,1646646380,0
27,133.3125,1646646381,0
27,134.15625,1646646382,0
27,135.0,1646646383,0
27,135.796875,1646646383,0
27,136.625,1646646384,0
27,137.4375,1646646385,0
27,138.203125,1646646386,0
27,138.96875,1646646387,0
27,139.75,1646646387,0
27,140.46875,1646646388,0
27,141.15625,1646646389,0
27,141.859375,1646646389,0
27,142.625,1646646390,0
27,143.453125,1646646391,0
27,144.34375,1646646392,0
27,145.265625,1646646393,0
27,146.125,1646646394,0
27,147.0,1646646395,0
27,147.84375,1646646395,0
27,148.640625,1646646396,0
27,149.453125,1646646397,0
27,150.265625,1646646398,0
27,151.046875,1646646399,0
27,151.875,1646646400,0
27,152.734375,1646646400,0
27,153.546875,1646646401,0
27,154.375,1646646402,0
27,155.203125,1646646403,0
27,155.96875,1646646404,0
27,156.75,1646646404,0
27,157.484375,1646646405,0
27,158.234375,1646646406,0
27,159.015625,1646646407,0
27,159.8125,1646646407,0
27,160.609375,1646646408,0
27,161.46875,1646646409,0
27,162.296875,1646646410,0
27,163.15625,1646646411,0
27,164.0,1646646412,0
27,164.796875,1646646412,0
27,165.578125,1646646413,0
27,166.390625,1646646414,0
27,167.140625,1646646415,0
27,167.90625,1646646416,0
27,168.71875,1646646416,0
27,169.4375,1646646417,0
27,170.203125,1646646418,0
27,170.984375,1646646419,0
27,171.734375,1646646419,0
27,172.5,1646646420,0
27,173.34375,1646646421,0
27,174.078125,1646646422,0
27,175.03125,1646646423,0
27,175.8125,1646646423,0
27,176.5625,1646646424,0
27,177.328125,1646646425,0
27,178.125,1646646426,0
27,178.859375,1646646426,0
27,179.671875,1646646427,0
27,180.421875,1646646428,0
27,181.1875,1646646429,0
27,181.984375,1646646430,0
27,182.734375,1646646430,0
27,183.515625,1646646431,0
27,216.109375,1646646432,0
27,217.0,1646646433,0
27,217.9375,1646646434,0
27,218.8125,1646646435,0
27,219.671875,1646646436,0
27,220.5625,1646646437,0
27,221.4375,1646646437,0
27,222.28125,1646646438,0
27,223.078125,1646646439,0
27,223.9375,1646646440,0
27,224.828125,1646646441,0
27,225.671875,1646646442,0
27,226.484375,1646646442,0
27,227.296875,1646646443,0
27,228.109375,1646646444,0
27,228.953125,1646646445,0
27,229.859375,1646646446,0
27,230.71875,1646646447,0
27,231.625,1646646448,0
27,232.53125,1646646448,0
27,233.453125,1646646449,0
27,234.328125,1646646450,0
27,235.203125,1646646451,0
27,236.0625,1646646452,0
27,236.84375,1646646453,0
27,237.6875,1646646454,0
27,238.484375,1646646454,0
27,239.265625,1646646455,0
27,240.109375,1646646456,0
27,240.9375,1646646457,0
27,241.765625,1646646458,0
27,242.625,1646646459,0
27,243.46875,1646646459,0
27,244.296875,1646646460,0
27,245.140625,1646646461,0
27,246.0,1646646462,0
27,246.765625,1646646463,0
27,247.53125,1646646463,0
27,248.328125,1646646464,0
27,249.171875,1646646465,0
27,249.984375,1646646466,0
27,250.84375,1646646467,0
27,251.71875,1646646468,0
27,252.5625,1646646469,0
27,253.421875,1646646469,0
27,254.25,1646646470,0
27,255.03125,1646646471,0
27,255.828125,1646646472,0
27,256.640625,1646646473,0
27,257.4375,1646646473,0
27,258.234375,1646646474,0
27,259.125,1646646475,0
27,259.90625,1646646476,0
27,260.703125,1646646477,0
27,261.53125,1646646477,0
27,262.265625,1646646478,0
27,263.140625,1646646479,0
27,263.96875,1646646480,0
27,264.75,1646646481,0
27,265.609375,1646646482,0
27,266.390625,1646646482,0
27,267.15625,1646646483,0
27,267.96875,1646646484,0
27,268.796875,1646646485,0
27,269.578125,1646646486,0
27,270.375,1646646486,0
27,271.1875,1646646487,0
27,271.984375,1646646488,0
27,272.78125,1646646489,0
27,273.578125,1646646490,0
27,274.421875,1646646490,0
27,275.203125,1646646491,0
27,276.046875,1646646492,0
27,276.890625,1646646493,0
27,277.671875,1646646494,0
27,278.546875,1646646494,0
27,283.21875,1646646495,0
27,305.4375,1646646496,0
27,306.265625,1646646497,0
27,320.640625,1646646498,0
27,321.390625,1646646498,0
27,322.171875,1646646499,0
27,322.9375,1646646500,0
27,323.65625,1646646501,0
27,324.421875,1646646501,0
27,325.1875,1646646502,0
27,325.890625,1646646503,0
27,326.609375,1646646503,0
27,327.328125,1646646504,0
27,332.828125,1646646505,0
27,333.625,1646646506,0
27,352.828125,1646646507,0
27,353.671875,1646646508,0
27,354.515625,1646646508,0
27,355.375,1646646509,0
27,356.25,1646646510,0
27,357.09375,1646646511,0
27,357.890625,1646646512,0
27,358.78125,1646646513,0
27,359.65625,1646646514,0
27,360.5,1646646514,0
27,361.296875,1646646515,0
27,362.03125,1646646516,0
27,362.765625,1646646517,0
27,363.484375,1646646517,0
27,364.28125,1646646518,0
27,365.140625,1646646519,0
27,366.015625,1646646520,0
27,366.84375,1646646521,0
27,367.65625,1646646522,0
27,368.484375,1646646522,0
27,369.328125,1646646523,0
27,370.109375,1646646524,0
27,370.859375,1646646525,0
27,371.6875,1646646526,0
27,372.484375,1646646526,0
27,373.296875,1646646527,0
27,374.125,1646646528,0
27,374.921875,1646646529,0
27,375.75,1646646530,0
27,376.5,1646646530,0
27,377.3125,1646646531,0
27,378.125,1646646532,0
27,378.96875,1646646533,0
27,379.828125,1646646534,0
27,380.671875,1646646535,0
27,381.546875,1646646535,0
27,382.375,1646646536,0
27,383.15625,1646646537,0
27,383.921875,1646646538,0
27,384.703125,1646646539,0
27,385.53125,1646646539,0
27,386.28125,1646646540,0
27,386.96875,1646646541,0
27,387.6875,1646646542,0
27,388.4375,1646646542,0
27,389.21875,1646646543,0
27,390.046875,1646646544,0
27,390.859375,1646646545,0
27,391.65625,1646646546,0
27,392.4375,1646646546,0
27,393.234375,1646646547,0
27,394.015625,1646646548,0
27,394.765625,1646646549,0
27,395.515625,1646646549,0
27,399.6875,1646646550,0
27,400.5,1646646551,0
27,401.359375,1646646552,0
27,402.1875,1646646553,0
27,403.0625,1646646554,0
27,403.96875,1646646554,0
27,404.859375,1646646555,0
27,409.765625,1646646556,0
27,410.59375,1646646557,0
27,411.46875,1646646558,0
27,412.28125,1646646559,0
27,413.109375,1646646559,0
27,413.921875,1646646560,0
27,414.703125,1646646561,0
27,415.5,1646646562,0
27,416.203125,1646646563,0
27,416.921875,1646646563,0
27,417.640625,1646646564,0
27,418.390625,1646646565,0
27,419.171875,1646646565,0
27,419.984375,1646646566,0
27,420.828125,1646646567,0
27,421.640625,1646646568,0
27,422.390625,1646646569,0
27,423.125,1646646569,0
27,423.890625,1646646570,0
27,424.609375,1646646571,0
27,425.328125,1646646572,0
27,426.046875,1646646572,0
27,426.8125,1646646573,0
27,427.609375,1646646574,0
27,428.390625,1646646575,0
27,429.125,1646646575,0
27,429.953125,1646646576,0
27,430.6875,1646646577,0
27,431.40625,1646646578,0
27,432.09375,1646646578,0
27,432.765625,1646646579,0
27,433.484375,1646646580,0
27,434.15625,1646646580,0
27,434.890625,1646646581,0
27,435.65625,1646646582,0
27,436.46875,1646646583,0
27,437.171875,1646646583,0
27,437.984375,1646646584,0
27,438.671875,1646646585,0
27,439.375,1646646586,0
27,440.0,1646646586,0
27,440.671875,1646646587,0
27,441.375,1646646588,0
27,442.09375,1646646588,0
27,442.765625,1646646589,0
27,443.515625,1646646590,0
27,444.234375,1646646591,0
27,444.96875,1646646591,0
27,445.71875,1646646592,0
27,446.484375,1646646593,0
27,447.203125,1646646594,0
27,447.90625,1646646594,0
27,448.640625,1646646595,0
27,449.359375,1646646596,0
27,450.078125,1646646596,0
27,450.8125,1646646597,0
27,451.578125,1646646598,0
27,452.359375,1646646599,0
27,491.34375,1646646600,0
27,492.203125,1646646600,0
27,587.125,1646646601,0
27,588.0625,1646646602,0
27,588.953125,1646646603,0
27,589.875,1646646604,0
27,590.78125,1646646605,0
27,591.703125,1646646606,0
27,592.59375,1646646607,0
27,593.5,1646646608,0
27,594.40625,1646646609,0
27,595.296875,1646646609,0
27,606.015625,1646646610,0
27,606.84375,1646646611,0
27,607.65625,1646646612,0
27,608.453125,1646646613,0
27,609.234375,1646646613,0
27,609.953125,1646646614,0
27,610.703125,1646646615,0
27,611.390625,1646646616,0
27,612.203125,1646646616,0
27,615.671875,1646646617,0
27,616.4375,1646646618,0
27,617.203125,1646646619,0
27,618.015625,1646646620,0
27,618.8125,1646646620,0
27,619.59375,1646646621,0
27,620.40625,1646646622,0
27,621.234375,1646646623,0
27,622.046875,1646646624,0
27,622.8125,1646646624,0
27,623.5625,1646646625,0
27,624.3125,1646646626,0
27,625.078125,1646646627,0
27,625.875,1646646627,0
27,626.640625,1646646628,0
27,627.421875,1646646629,0
27,628.203125,1646646630,0
27,629.03125,1646646631,0
27,629.875,1646646631,0
27,630.671875,1646646632,0
27,631.4375,1646646633,0
27,632.21875,1646646634,0
27,633.015625,1646646635,0
27,633.78125,1646646635,0
27,634.578125,1646646636,0
27,635.421875,1646646637,0
27,636.265625,1646646638,0
27,637.296875,1646646639,0
27,638.1875,1646646640,0
27,639.0625,1646646641,0
27,639.9375,1646646641,0
27,640.8125,1646646642,0
27,641.703125,1646646643,0
27,642.53125,1646646644,0
27,643.3125,1646646645,0
27,644.078125,1646646646,0
27,644.765625,1646646646,0
27,645.5625,1646646647,0
27,646.375,1646646648,0
27,647.25,1646646649,0
27,648.109375,1646646650,0
27,648.9375,1646646650,0
27,649.765625,1646646651,0
27,650.640625,1646646652,0
27,651.484375,1646646653,0
27,652.34375,1646646654,0
27,653.203125,1646646655,0
27,658.25,1646646656,0
27,659.046875,1646646656,0
27,659.890625,1646646657,0
27,660.734375,1646646658,0
27,680.5,1646646659,0
27,681.296875,1646646660,0
27,682.015625,1646646660,0
27,682.984375,1646646661,0
27,683.8125,1646646662,0
27,684.671875,1646646663,0
27,685.578125,1646646664,0
27,686.4375,1646646665,0
27,687.3125,1646646666,0
27,688.203125,1646646667,0
27,689.046875,1646646667,0
27,689.921875,1646646668,0
27,690.78125,1646646669,0
27,691.640625,1646646670,0
27,716.296875,1646646671,0
27,717.0625,1646646672,0
27,757.359375,1646646672,0
27,758.203125,1646646673,0
27,758.90625,1646646674,0
27,809.71875,1646646675,0
27,845.359375,1646646675,0
27,869.015625,1646646677,0
27,869.859375,1646646677,0
27,870.640625,1646646678,0
27,871.484375,1646646679,0
27,872.328125,1646646680,0
27,873.125,1646646681,0
27,882.265625,1646646681,0
27,883.125,1646646682,0
27,883.921875,1646646683,0
27,884.765625,1646646684,0
27,885.578125,1646646685,0
27,886.328125,1646646685,0
27,887.15625,1646646686,0
27,887.9375,1646646687,0
27,895.984375,1646646688,0
27,902.96875,1646646689,0
27,903.859375,1646646690,0
27,904.75,1646646690,0
27,905.640625,1646646691,0
27,906.484375,1646646692,0
27,1012.953125,1646646693,0
27,1042.53125,1646646694,0
27,1043.421875,1646646695,0
27,1044.1875,1646646695,0
27,1057.5,1646646696,0
27,1058.28125,1646646697,0
27,1066.765625,1646646698,0
27,1067.53125,1646646699,0
27,1068.3125,1646646699,0
27,1069.0625,1646646700,0
27,1069.859375,1646646701,0
27,1112.84375,1646646702,0
27,1113.71875,1646646703,0
27,1114.59375,1646646703,0
27,1115.46875,1646646704,0
27,1116.375,1646646705,0
27,1117.28125,1646646706,0
27,1118.15625,1646646707,0
27,1119.046875,1646646708,0
27,1119.953125,1646646709,0
27,1120.84375,1646646710,0
27,1121.703125,1646646711,0
27,1122.625,1646646711,0
27,1160.9375,1646646712,0
27,1161.6875,1646646713,0
27,1165.671875,1646646714,0
27,1166.453125,1646646714,0
27,1167.328125,1646646715,0
27,1168.1875,1646646716,0
27,1169.046875,1646646717,0
27,1182.671875,1646646718,0
27,1183.5,1646646719,0
27,1184.40625,1646646720,0
27,1185.28125,1646646720,0
27,1186.15625,1646646721,0
27,1187.0,1646646722,0
27,1187.84375,1646646723,0
27,1188.6875,1646646724,0
27,1189.578125,1646646725,0
27,1190.484375,1646646726,0
27,1191.390625,1646646727,0
27,1192.328125,1646646727,0
27,1193.296875,1646646728,0
27,1194.265625,1646646729,0
27,1195.125,1646646730,0
27,1195.875,1646646731,0
27,1196.640625,1646646732,0
27,1197.3125,1646646732,0
27,1198.015625,1646646733,0
27,1198.734375,1646646734,0
27,1199.484375,1646646735,0
27,1200.203125,1646646735,0
27,1200.875,1646646736,0
27,1201.578125,1646646737,0
27,1202.3125,1646646737,0
27,1203.046875,1646646738,0
27,1203.875,1646646739,0
27,1204.75,1646646740,0
27,1205.65625,1646646741,0
27,1206.578125,1646646742,0
27,1207.515625,1646646743,0
27,1208.359375,1646646744,0
27,1222.75,1646646744,0
27,1229.875,1646646745,0
27,1230.703125,1646646746,0
27,1231.5,1646646747,0
27,1232.3125,1646646748,0
27,1233.125,1646646748,0
27,1233.90625,1646646749,0
27,1234.671875,1646646750,0
27,1235.421875,1646646751,0
27,1236.125,1646646751,0
27,1243.8125,1646646752,0
27,1244.765625,1646646753,0
27,1245.546875,1646646754,0
27,1246.578125,1646646755,0
27,1247.421875,1646646756,0
27,1248.40625,1646646757,0
27,1249.28125,1646646758,0
27,1250.171875,1646646759,0
27,1251.03125,1646646760,0
27,1251.9375,1646646760,0
27,1252.875,1646646761,0
27,1253.796875,1646646762,0
27,1254.71875,1646646763,0
27,1255.671875,1646646764,0
27,1256.59375,1646646765,0
27,1257.46875,1646646766,0
27,1258.328125,1646646767,0
27,1259.234375,1646646768,0
27,1260.046875,1646646769,0
27,1260.890625,1646646769,0
27,1261.71875,1646646770,0
27,1278.578125,1646646771,0
27,1279.34375,1646646772,0
27,1280.140625,1646646773,0
27,1280.90625,1646646773,0
27,1281.734375,1646646774,0
27,1282.59375,1646646775,0
27,1283.46875,1646646776,0
27,1284.3125,1646646777,0
27,1285.15625,1646646778,0
27,1285.984375,1646646778,0
27,1286.796875,1646646779,0
27,1287.65625,1646646780,0
27,1288.546875,1646646781,0
27,1289.453125,1646646782,0
27,1290.390625,1646646783,0
27,1291.3125,1646646784,0
27,1292.1875,1646646785,0
27,1293.09375,1646646785,0
27,1294.015625,1646646786,0
27,1294.90625,1646646787,0
27,1295.8125,1646646788,0
27,1296.71875,1646646789,0
27,1297.578125,1646646790,0
27,1298.484375,1646646791,0
27,1299.375,1646646792,0
27,1300.21875,1646646793,0
27,1306.71875,1646646793,0
27,1307.609375,1646646794,0
27,1311.328125,1646646795,0
27,1312.125,1646646796,0
27,1313.015625,1646646797,0
27,1313.96875,1646646798,0
27,1314.921875,1646646799,0
27,1315.875,1646646800,0
27,1316.78125,1646646800,0
27,1317.671875,1646646801,0
27,1318.578125,1646646802,0
27,1319.453125,1646646803,0
27,1320.265625,1646646804,0
27,1331.4375,1646646805,0
27,1348.921875,1646646806,0
27,1349.796875,1646646807,0
27,1350.703125,1646646808,0
27,1351.5625,1646646808,0
27,1352.359375,1646646809,0
27,1353.1875,1646646810,0
27,1354.015625,1646646811,0
27,1354.859375,1646646812,0
27,1355.546875,1646646812,0
27,1356.265625,1646646813,0
27,1356.984375,1646646814,0
27,1357.734375,1646646815,0
27,1358.546875,1646646815,0
27,1359.421875,1646646816,0
27,1360.3125,1646646817,0
27,1361.203125,1646646818,0
27,1362.109375,1646646819,0
27,1363.015625,1646646820,0
27,1363.90625,1646646821,0
27,1364.796875,1646646822,0
27,1365.671875,1646646822,0
27,1366.546875,1646646823,0
27,1367.390625,1646646824,0
27,1368.265625,1646646825,0
27,1369.140625,1646646826,0
27,1369.921875,1646646827,0
27,1370.6875,1646646828,0
27,1371.4375,1646646828,0
27,1372.15625,1646646829,0
27,1372.84375,1646646830,0
27,1373.59375,1646646830,0
27,1374.421875,1646646831,0
27,1375.296875,1646646832,0
27,1376.21875,1646646833,0
27,1377.0,1646646834,0
27,1384.140625,1646646835,0
27,1384.78125,1646646835,0
27,1385.453125,1646646836,0
27,1386.125,1646646837,0
27,1396.515625,1646646837,0
27,1397.21875,1646646838,0
27,1397.9375,1646646839,0
27,1398.671875,1646646839,0
27,1399.3125,1646646840,0
27,1400.015625,1646646841,0
27,1400.59375,1646646841,0
27,1401.34375,1646646842,0
27,1401.96875,1646646843,0
27,1402.609375,1646646843,0
27,1403.25,1646646844,0
27,1403.875,1646646845,0
27,1404.5625,1646646845,0
27,1405.21875,1646646846,0
27,1405.921875,1646646847,0
27,1406.625,1646646847,0
27,1407.3125,1646646848,0
27,1408.0,1646646849,0
27,1408.671875,1646646849,0
27,1409.375,1646646850,0
27,1410.015625,1646646851,0
27,1410.703125,1646646851,0
27,1411.53125,1646646852,0
27,1429.75,1646646853,0
27,1430.625,1646646854,0
27,1431.40625,1646646855,0
27,1432.15625,1646646856,0
27,1432.9375,1646646856,0
27,1433.703125,1646646857,0
27,1440.3125,1646646858,0
27,1441.09375,1646646859,0
27,1441.90625,1646646859,0
27,1442.765625,1646646860,0
27,1443.546875,1646646861,0
27,1444.359375,1646646862,0
27,1445.1875,1646646863,0
27,1445.96875,1646646864,0
27,1446.75,1646646864,0
27,1447.515625,1646646865,0
27,1448.265625,1646646866,0
27,1449.0,1646646867,0
27,1449.78125,1646646867,0
27,1450.53125,1646646868,0
27,1451.328125,1646646869,0
27,1452.109375,1646646870,0
27,1452.90625,1646646870,0
27,1453.6875,1646646871,0
27,1454.453125,1646646872,0
27,1455.296875,1646646873,0
27,1456.046875,1646646874,0
27,1456.859375,1646646874,0
27,1457.671875,1646646875,0
27,1458.4375,1646646876,0
27,1459.203125,1646646877,0
27,1460.015625,1646646878,0
27,1460.71875,1646646878,0
27,1461.46875,1646646879,0
27,1462.1875,1646646880,0
27,1462.796875,1646646880,0
27,1463.640625,1646646881,0
27,1464.390625,1646646882,0
27,1465.109375,1646646883,0
27,1465.90625,1646646883,0
27,1466.640625,1646646884,0
27,1467.390625,1646646885,0
27,1468.140625,1646646886,0
27,1468.921875,1646646886,0
27,1469.65625,1646646887,0
27,1470.421875,1646646888,0
27,1471.15625,1646646889,0
27,1471.90625,1646646889,0
27,1472.5625,1646646890,0
27,1473.296875,1646646891,0
27,1474.046875,1646646892,0
27,1474.765625,1646646892,0
27,1475.421875,1646646893,0
27,1476.15625,1646646894,0
27,1476.921875,1646646894,0
27,1477.578125,1646646895,0
27,1478.4375,1646646896,0
27,1479.265625,1646646897,0
27,1480.0625,1646646898,0
27,1480.890625,1646646898,0
27,1481.65625,1646646899,0
27,1482.4375,1646646900,0
27,1483.25,1646646901,0
27,1483.984375,1646646902,0
27,1484.796875,1646646902,0
27,1485.5625,1646646903,0
27,1486.328125,1646646904,0
27,1487.109375,1646646905,0
27,1487.8125,1646646905,0
27,1488.578125,1646646906,0
27,1489.328125,1646646907,0
27,1490.078125,1646646908,0
27,1490.796875,1646646908,0
27,1491.46875,1646646909,0
27,1492.109375,1646646910,0
27,1492.796875,1646646910,0
27,1493.53125,1646646911,0
27,1494.328125,1646646912,0
27,1495.15625,1646646913,0
27,1495.953125,1646646913,0
27,1496.75,1646646914,0
27,1497.515625,1646646915,0
27,1498.234375,1646646916,0
27,1498.953125,1646646916,0
27,1499.65625,1646646917,0
27,1500.359375,1646646918,0
27,1501.09375,1646646919,0
27,1501.828125,1646646919,0
27,1502.578125,1646646920,0
27,1503.34375,1646646921,0
27,1504.109375,1646646922,0
27,1504.890625,1646646922,0
27,1505.65625,1646646923,0
27,1506.421875,1646646924,0
27,1507.171875,1646646925,0
27,1507.890625,1646646925,0
27,1508.59375,1646646926,0
27,1509.296875,1646646927,0
27,1510.0,1646646928,0
27,1510.65625,1646646928,0
27,1511.296875,1646646929,0
27,1511.953125,1646646929,0
27,1512.671875,1646646930,0
27,1513.359375,1646646931,0
27,1514.109375,1646646932,0
27,1514.90625,1646646932,0
27,1515.640625,1646646933,0
27,1516.375,1646646934,0
27,1517.109375,1646646935,0
27,1517.828125,1646646935,0
27,1518.5625,1646646936,0
27,1519.328125,1646646937,0
27,1520.078125,1646646938,0
27,1520.859375,1646646938,0
27,1521.578125,1646646939,0
27,1522.296875,1646646940,0
27,1523.078125,1646646941,0
27,1523.8125,1646646941,0
27,1524.59375,1646646942,0
27,1525.34375,1646646943,0
27,1526.09375,1646646944,0
27,1526.875,1646646944,0
27,1527.609375,1646646945,0
27,1528.328125,1646646946,0
27,1529.078125,1646646947,0
27,1529.78125,1646646947,0
27,1530.5,1646646948,0
27,1531.203125,1646646949,0
27,1531.875,1646646949,0
27,1532.5625,1646646950,0
27,1533.328125,1646646951,0
27,1539.71875,1646646952,0
27,1540.5,1646646952,0
27,1541.28125,1646646953,0
27,1542.09375,1646646954,0
27,1542.921875,1646646955,0
27,1543.6875,1646646956,0
27,1544.515625,1646646956,0
27,1545.296875,1646646957,0
27,1546.015625,1646646958,0
27,1546.765625,1646646959,0
27,1547.5,1646646959,0
27,1548.203125,1646646960,0
27,1548.9375,1646646961,0
27,1549.71875,1646646962,0
27,1550.453125,1646646962,0
27,1551.21875,1646646963,0
27,1552.0,1646646964,0
27,1552.8125,1646646965,0
27,1553.671875,1646646966,0
27,1554.46875,1646646966,0
27,1555.328125,1646646967,0
27,1556.109375,1646646968,0
27,1556.859375,1646646969,0
27,1557.625,1646646970,0
27,1558.359375,1646646970,0
27,1559.125,1646646971,0
27,1559.828125,1646646972,0
27,1560.546875,1646646972,0
27,1561.28125,1646646973,0
27,1562.078125,1646646974,0
27,1562.8125,1646646975,0
27,1563.625,1646646976,0
27,1564.390625,1646646976,0
27,1565.140625,1646646977,0
27,1565.90625,1646646978,0
27,1566.65625,1646646979,0
27,1567.4375,1646646979,0
27,1568.1875,1646646980,0
27,1568.9375,1646646981,0
27,1569.671875,1646646982,0
27,1570.375,1646646982,0
27,1571.0625,1646646983,0
27,1571.71875,1646646984,0
27,1572.390625,1646646984,0
27,1573.046875,1646646985,0
27,1573.75,1646646986,0
27,1574.515625,1646646986,0
27,1575.21875,1646646987,0
27,1576.03125,1646646988,0
27,1576.84375,1646646989,0
27,1577.640625,1646646990,0
27,1578.5,1646646990,0
27,1579.328125,1646646991,0
27,1580.09375,1646646992,0
27,1580.90625,1646646993,0
27,1581.640625,1646646994,0
27,1582.3125,1646646994,0
27,1583.015625,1646646995,0
27,1583.671875,1646646996,0
27,1584.359375,1646646996,0
27,1585.03125,1646646997,0
27,1585.71875,1646646998,0
27,1586.375,1646646998,0
27,1587.109375,1646646999,0
27,1587.84375,1646647000,0
27,1588.578125,1646647000,0
27,1589.296875,1646647001,0
27,1589.984375,1646647002,0
27,1590.6875,1646647003,0
27,1591.359375,1646647003,0
27,1592.015625,1646647004,0
27,1592.6875,1646647005,0
27,1593.375,1646647005,0
27,1594.03125,1646647006,0
27,1594.6875,1646647007,0
27,1595.34375,1646647007,0
27,1595.96875,1646647008,0
27,1613.96875,1646647009,0
27,1614.71875,1646647009,0
27,1631.515625,1646647010,0
27,1632.09375,1646647011,0
27,1632.6875,1646647011,0
27,1633.3125,1646647012,0
27,1633.96875,1646647012,0
27,1634.625,1646647013,0
27,1635.296875,1646647014,0
27,1649.703125,1646647015,0
27,1665.3125,1646647015,0
27,1666.015625,1646647016,0
27,1666.734375,1646647017,0
27,1667.46875,1646647018,0
27,1668.21875,1646647018,0
27,1668.96875,1646647019,0
27,1669.734375,1646647020,0
27,1695.21875,1646647021,0
27,1696.03125,1646647021,0
27,1696.78125,1646647022,0
27,1697.578125,1646647023,0
27,1698.359375,1646647024,0
27,1699.140625,1646647025,0
27,1699.90625,1646647025,0
27,1700.65625,1646647026,0
27,1701.34375,1646647027,0
27,1702.03125,1646647027,0
27,1702.734375,1646647028,0
27,1703.390625,1646647029,0
27,1704.09375,1646647029,0
27,1704.8125,1646647030,0
27,1705.546875,1646647031,0
27,1706.34375,1646647032,0
27,1707.078125,1646647032,0
27,1707.84375,1646647033,0
27,1708.671875,1646647034,0
27,1715.4375,1646647035,0
27,1716.171875,1646647036,0
27,1716.875,1646647036,0
27,1717.6875,1646647037,0
27,1718.484375,1646647038,0
27,1719.34375,1646647039,0
27,1720.203125,1646647040,0
27,1721.03125,1646647040,0
27,1721.890625,1646647041,0
27,1722.71875,1646647042,0
27,1723.53125,1646647043,0
27,1724.328125,1646647044,0
27,1725.125,1646647045,0
27,1725.921875,1646647045,0
27,1726.71875,1646647046,0
27,1727.4375,1646647047,0
27,1728.21875,1646647048,0
27,1728.984375,1646647048,0
27,1729.796875,1646647049,0
27,1737.4375,1646647050,0
27,1738.15625,1646647051,0
27,1745.59375,1646647051,0
27,1746.390625,1646647052,0
27,1747.203125,1646647053,0
27,1748.015625,1646647054,0
27,1748.828125,1646647055,0
27,1749.5625,1646647055,0
27,1750.171875,1646647056,0
27,1750.875,1646647057,0
27,1751.59375,1646647057,0
27,1752.328125,1646647058,0
27,1753.09375,1646647059,0
27,1764.46875,1646647060,0
27,1765.34375,1646647061,0
27,1766.1875,1646647061,0
27,1767.015625,1646647062,0
27,1767.796875,1646647063,0
27,1771.15625,1646647064,0
27,1780.59375,1646647064,0
27,1781.3125,1646647065,0
27,1782.125,1646647066,0
27,1782.921875,1646647067,0
27,1783.71875,1646647067,0
27,1784.515625,1646647068,0
27,1785.296875,1646647069,0
27,1786.015625,1646647070,0
27,1786.703125,1646647070,0
27,1787.453125,1646647071,0
27,1788.40625,1646647072,0
27,1796.453125,1646647073,0
27,1797.203125,1646647074,0
27,1797.96875,1646647074,0
27,1798.671875,1646647075,0
27,1799.390625,1646647076,0
27,1800.078125,1646647076,0
27,1802.984375,1646647077,0
27,1803.703125,1646647078,0
27,1804.59375,1646647079,0
27,1805.484375,1646647080,1
27,1811.859375,1646647080,1
27,1812.65625,1646647081,1
27,1813.390625,1646647082,1
27,1814.1875,1646647083,1
27,1815.015625,1646647084,1
27,1815.875,1646647084,1
27,1816.640625,1646647085,1
27,1824.96875,1646647086,1
27,1825.703125,1646647087,1
27,1843.578125,1646647088,1
27,1844.21875,1646647088,1
27,1844.921875,1646647089,1
27,1845.671875,1646647090,1
27,1853.046875,1646647090,1
27,1858.6875,1646647091,1
27,1869.421875,1646647092,1
27,1870.203125,1646647093,1
27,1871.09375,1646647093,1
27,1878.65625,1646647094,1
27,1879.40625,1646647095,1
27,1880.203125,1646647096,1
27,1881.0,1646647097,1
27,1881.765625,1646647097,1
27,1889.9375,1646647098,1
27,1890.703125,1646647099,1
27,1891.484375,1646647100,1
27,1892.265625,1646647100,1
27,1893.046875,1646647101,1
27,1893.6875,1646647102,1
27,1894.53125,1646647103,1
27,1895.453125,1646647104,1
27,1896.203125,1646647104,1
27,1896.953125,1646647105,1
27,1897.65625,1646647106,1
27,1898.359375,1646647106,1
27,1899.078125,1646647107,1
27,1899.8125,1646647108,1
27,1900.53125,1646647109,1
27,1901.25,1646647109,1
27,1901.953125,1646647110,1
27,1902.6875,1646647111,1
27,1903.46875,1646647112,1
27,1912.765625,1646647112,1
27,1913.421875,1646647113,1
27,1914.15625,1646647114,1
27,1914.890625,1646647114,1
27,1915.671875,1646647115,1
27,1916.421875,1646647116,1
27,1917.140625,1646647117,1
27,1917.90625,1646647117,1
27,1918.65625,1646647118,1
27,1919.453125,1646647119,1
27,1920.265625,1646647120,1
27,1921.0625,1646647121,1
27,1921.84375,1646647121,1
27,1922.625,1646647122,1
27,1923.421875,1646647123,1
27,1924.171875,1646647124,1
27,1924.96875,1646647124,1
27,1925.78125,1646647125,1
27,1926.625,1646647126,1
27,1927.484375,1646647127,1
27,1928.34375,1646647128,1
27,1929.203125,1646647129,1
27,1930.0,1646647130,1
27,1930.8125,1646647130,1
27,1931.640625,1646647131,1
27,1932.453125,1646647132,1
27,1933.28125,1646647133,1
27,1934.109375,1646647134,1
27,1942.328125,1646647134,1
27,1943.15625,1646647135,1
27,1943.953125,1646647136,1
27,1944.71875,1646647137,1
27,1945.4375,1646647138,1
27,1946.125,1646647138,1
27,1946.6875,1646647139,1
27,1947.375,1646647139,1
27,1948.0,1646647140,1
27,1948.609375,1646647141,1
27,1949.25,1646647141,1
27,1949.921875,1646647142,1
27,1950.671875,1646647143,1
27,1951.5,1646647144,1
27,1952.328125,1646647144,1
27,1953.203125,1646647145,1
27,1954.109375,1646647146,1
27,1955.03125,1646647147,1
27,1955.9375,1646647148,1
27,1956.859375,1646647149,1
27,1961.75,1646647150,1
27,1962.4375,1646647150,1
27,1963.1875,1646647151,1
27,1963.828125,1646647152,1
27,1964.484375,1646647152,1
27,1965.171875,1646647153,1
27,1965.84375,1646647154,1
27,1966.59375,1646647154,1
27,1967.359375,1646647155,1
27,1968.109375,1646647156,1
27,1968.890625,1646647157,1
27,1969.75,1646647158,1
27,1970.515625,1646647158,1
27,1971.3125,1646647159,1
27,1972.109375,1646647160,1
27,1972.953125,1646647161,1
27,1973.78125,1646647162,1
27,1974.609375,1646647163,1
27,1975.484375,1646647163,1
27,1976.234375,1646647164,1
27,1977.015625,1646647165,1
27,1977.8125,1646647166,1
27,1978.515625,1646647166,1
27,1979.203125,1646647167,1
27,1979.953125,1646647168,1
27,1980.734375,1646647169,1
27,1981.578125,1646647169,1
27,1982.421875,1646647170,1
27,1983.296875,1646647171,1
27,1984.140625,1646647172,1
27,1985.03125,1646647173,1
27,1985.875,1646647174,1
27,1986.71875,1646647175,1
27,1987.53125,1646647175,1
27,1988.390625,1646647176,1
27,1989.15625,1646647177,1
27,1989.9375,1646647178,1
27,1990.765625,1646647179,1
27,1994.40625,1646647179,1
27,1995.1875,1646647180,1
27,1995.96875,1646647181,1
27,1996.765625,1646647182,1
27,1997.578125,1646647183,1
27,1998.40625,1646647183,1
27,1999.1875,1646647184,1
27,2000.0,1646647185,1
27,2000.796875,1646647186,1
27,2001.609375,1646647187,1
27,2002.375,1646647187,1
27,2003.125,1646647188,1
27,2011.140625,1646647189,1
27,2011.953125,1646647190,1
27,2012.65625,1646647190,1
27,2013.34375,1646647191,1
27,2014.125,1646647192,1
27,2014.890625,1646647192,1
27,2015.6875,1646647193,1
27,2016.46875,1646647194,1
27,2017.21875,1646647195,1
27,2018.03125,1646647196,1
27,2018.734375,1646647196,1
27,2019.453125,1646647197,1
27,2057.21875,1646647198,1
27,2058.109375,1646647199,1
27,2063.140625,1646647199,1
27,2063.90625,1646647200,1
27,2064.796875,1646647201,1
27,2065.703125,1646647202,1
27,2066.640625,1646647203,1
27,2067.59375,1646647204,1
27,2068.515625,1646647205,1
27,2082.15625,1646647206,1
27,2083.046875,1646647207,1
27,2083.90625,1646647207,1
27,2084.75,1646647208,1
27,2085.546875,1646647209,1
27,2086.390625,1646647210,1
27,2087.25,1646647211,1
27,2094.34375,1646647212,1
27,2095.203125,1646647213,1
27,2096.15625,1646647213,1
27,2097.0,1646647214,1
27,2097.90625,1646647215,1
27,2098.78125,1646647216,1
27,2099.578125,1646647217,1
27,2100.390625,1646647218,1
27,2101.203125,1646647219,1
27,2102.015625,1646647219,1
27,2102.828125,1646647220,1
27,2103.671875,1646647221,1
27,2104.453125,1646647222,1
27,2105.28125,1646647223,1
27,2106.109375,1646647223,1
27,2106.96875,1646647224,1
27,2107.8125,1646647225,1
27,2108.640625,1646647226,1
27,2109.5,1646647227,1
27,2110.375,1646647228,1
27,2111.1875,1646647229,1
27,2112.046875,1646647229,1
27,2112.890625,1646647230,1
27,2113.640625,1646647231,1
27,2114.4375,1646647232,1
27,2115.234375,1646647233,1
27,2116.078125,1646647233,1
27,2116.890625,1646647234,1
27,2117.71875,1646647235,1
27,2118.546875,1646647236,1
27,2163.28125,1646647237,1
27,2163.921875,1646647237,1
27,2174.34375,1646647238,1
27,2175.25,1646647239,1
27,2176.1875,1646647240,1
27,2177.09375,1646647241,1
27,2177.921875,1646647242,1
27,2183.234375,1646647243,1
27,2184.046875,1646647243,1
27,2184.859375,1646647244,1
27,2185.734375,1646647245,1
27,2186.578125,1646647246,1
27,2187.4375,1646647247,1
27,2188.3125,1646647248,1
27,2192.984375,1646647249,1
27,2193.703125,1646647249,1
27,2194.4375,1646647250,1
27,2195.171875,1646647251,1
27,2195.8125,1646647251,1
27,2201.265625,1646647252,1
27,2202.15625,1646647253,1
27,2202.984375,1646647254,1
27,2203.84375,1646647255,1
27,2204.640625,1646647256,1
27,2205.421875,1646647256,1
27,2206.265625,1646647257,1
27,2207.109375,1646647258,1
27,2208.0,1646647259,1
27,2208.90625,1646647260,1
27,2209.796875,1646647261,1
27,2210.75,1646647262,1
27,2211.640625,1646647263,1
27,2212.640625,1646647264,1
27,2213.515625,1646647265,1
27,2214.4375,1646647265,1
27,2215.375,1646647266,1
27,2216.25,1646647267,1
27,2217.203125,1646647268,1
27,2218.125,1646647269,1
27,2218.96875,1646647270,1
27,2231.59375,1646647271,1
27,2232.359375,1646647272,1
27,2233.203125,1646647272,1
27,2234.109375,1646647273,1
27,2235.015625,1646647274,1
27,2247.015625,1646647275,1
27,2247.953125,1646647276,1
27,2248.796875,1646647277,1
27,2249.6875,1646647278,1
27,2250.578125,1646647279,1
27,2251.484375,1646647280,1
27,2252.34375,1646647280,1
27,2253.25,1646647281,1
27,2254.15625,1646647282,1
27,2255.0,1646647283,1
27,2255.828125,1646647284,1
27,2256.671875,1646647285,1
27,2257.53125,1646647286,1
27,2258.375,1646647286,1
27,2259.25,1646647287,1
27,2259.9375,1646647288,1
27,2260.671875,1646647289,1
27,2261.4375,1646647289,1
27,2262.21875,1646647290,1
27,2263.046875,1646647291,1
27,2263.90625,1646647292,1
27,2264.796875,1646647293,1
27,2265.6875,1646647294,1
27,2266.59375,1646647295,1
27,2267.484375,1646647296,1
27,2268.296875,1646647296,1
27,2269.09375,1646647297,1
27,2269.875,1646647298,1
27,2270.671875,1646647299,1
27,2283.53125,1646647299,1
27,2294.0625,1646647300,1
27,2294.890625,1646647301,1
27,2295.84375,1646647302,1
27,2300.9375,1646647303,1
27,2329.6875,1646647304,1
27,2330.453125,1646647304,1
27,2331.265625,1646647305,1
27,2332.0,1646647306,1
27,2332.703125,1646647307,1
27,2333.546875,1646647308,1
27,2334.28125,1646647308,1
27,2335.0625,1646647309,1
27,2335.84375,1646647310,1
27,2336.546875,1646647311,1
27,2337.21875,1646647311,1
27,2337.953125,1646647312,1
27,2338.765625,1646647313,1
27,2339.546875,1646647314,1
27,2340.265625,1646647314,1
27,2341.0,1646647315,1
27,2341.71875,1646647316,1
27,2342.4375,1646647316,1
27,2343.25,1646647317,1
27,2344.03125,1646647318,1
27,2344.765625,1646647319,1
27,2345.453125,1646647319,1
27,2370.84375,1646647320,1
27,2371.578125,1646647321,1
27,2372.328125,1646647322,1
27,2373.0625,1646647322,1
27,2373.84375,1646647323,1
27,2374.59375,1646647324,1
27,2375.328125,1646647325,1
27,2380.3125,1646647325,1
27,2381.046875,1646647326,1
27,2381.8125,1646647327,1
27,2382.59375,1646647328,1
27,2383.328125,1646647328,1
27,2384.0,1646647329,1
27,2384.734375,1646647330,1
27,2385.4375,1646647331,1
27,2386.15625,1646647331,1
27,2386.859375,1646647332,1
27,2387.5625,1646647333,1
27,2388.265625,1646647333,1
27,2389.03125,1646647334,1
27,2389.71875,1646647335,1
27,2390.421875,1646647336,1
27,2391.109375,1646647336,1
27,2391.828125,1646647337,1
27,2392.53125,1646647338,1
27,2393.265625,1646647338,1
27,2393.96875,1646647339,1
27,2394.671875,1646647340,1
27,2395.390625,1646647341,1
27,2396.109375,1646647341,1
27,2396.796875,1646647342,1
27,2397.515625,1646647343,1
27,2398.234375,1646647343,1
27,2398.9375,1646647344,1
27,2399.640625,1646647345,1
27,2400.328125,1646647345,1
27,2401.09375,1646647346,1
27,2465.921875,1646647347,1
27,2509.546875,1646647348,1
27,2518.765625,1646647348,1
27,2519.625,1646647349,1
27,2520.421875,1646647350,1
27,2521.28125,1646647351,1
27,2522.109375,1646647352,1
27,2522.953125,1646647353,1
27,2523.84375,1646647354,1
27,2528.875,1646647354,1
27,2529.71875,1646647355,1
27,2530.5,1646647356,1
27,2531.34375,1646647357,1
27,2532.125,1646647358,1
27,2532.875,1646647358,1
27,2533.625,1646647359,1
27,2534.375,1646647360,1
27,2535.21875,1646647361,1
27,2536.03125,1646647361,1
27,2536.90625,1646647362,1
27,2537.78125,1646647363,1
27,2538.609375,1646647364,1
27,2539.46875,1646647365,1
27,2540.328125,1646647366,1
27,2541.171875,1646647367,1
27,2542.046875,1646647367,1
27,2542.90625,1646647368,1
27,2543.875,1646647369,1
27,2544.734375,1646647370,1
27,2545.546875,1646647371,1
27,2546.390625,1646647372,1
27,2547.203125,1646647373,1
27,2547.984375,1646647373,1
27,2548.75,1646647374,1
27,2549.578125,1646647375,1
27,2567.75,1646647376,1
27,2568.53125,1646647377,1
27,2573.75,1646647377,1
27,2574.546875,1646647378,1
27,2575.390625,1646647379,1
27,2576.203125,1646647380,1
27,2577.046875,1646647381,1
27,2588.71875,1646647382,1
27,2589.609375,1646647383,1
27,2590.515625,1646647383,1
27,2591.390625,1646647384,1
27,2592.25,1646647385,1
27,2593.109375,1646647386,1
27,2594.0,1646647387,1
27,2614.203125,1646647388,1
27,2615.140625,1646647389,1
27,2616.109375,1646647390,1
27,2617.0625,1646647391,1
27,2617.9375,1646647392,1
27,2618.90625,1646647393,1
27,2619.890625,1646647394,1
27,2620.78125,1646647394,1
27,2621.65625,1646647395,1
27,2626.015625,1646647396,1
27,2626.90625,1646647397,1
27,2627.8125,1646647398,1
27,2628.734375,1646647399,1
27,2629.640625,1646647400,1
27,2630.40625,1646647401,1
27,2631.34375,1646647402,1
27,2632.09375,1646647402,1
27,2638.140625,1646647403,1
27,2639.109375,1646647404,1
27,2640.046875,1646647405,1
27,2641.015625,1646647406,1
27,2642.046875,1646647407,1
27,2643.03125,1646647408,1
27,2643.9375,1646647409,1
27,2644.9375,1646647410,1
27,2645.84375,1646647411,1
27,2646.78125,1646647412,1
27,2647.671875,1646647413,1
27,2648.53125,1646647414,1
27,2649.359375,1646647414,1
27,2650.171875,1646647415,1
27,2651.0,1646647416,1
27,2651.890625,1646647417,1
27,2652.765625,1646647418,1
27,2653.625,1646647419,1
27,2654.4375,1646647419,1
27,2655.359375,1646647420,1
27,2656.234375,1646647421,1
27,2661.421875,1646647422,1
27,2662.1875,1646647423,1
27,2663.015625,1646647424,1
27,2663.78125,1646647424,1
27,2664.5625,1646647425,1
27,2665.375,1646647426,1
27,2666.203125,1646647427,1
27,2667.046875,1646647428,1
27,2667.859375,1646647429,1
27,2668.6875,1646647429,1
27,2669.515625,1646647430,1
27,2670.375,1646647431,1
27,2671.25,1646647432,1
27,2672.109375,1646647433,1
27,2672.984375,1646647434,1
27,2673.828125,1646647434,1
27,2674.6875,1646647435,1
27,2675.53125,1646647436,1
27,2676.359375,1646647437,1
27,2677.171875,1646647438,1
27,2678.0,1646647439,1
27,2693.40625,1646647439,1
27,2694.296875,1646647440,1
27,2695.21875,1646647441,1
27,2696.1875,1646647442,1
27,2697.109375,1646647443,1
27,2697.984375,1646647444,1
27,2698.921875,1646647445,1
27,2699.765625,1646647446,1
27,2700.65625,1646647447,1
27,2701.484375,1646647448,1
27,2702.234375,1646647448,1
27,2702.96875,1646647449,1
27,2703.734375,1646647450,1
27,2704.5625,1646647451,1
27,2705.453125,1646647452,1
27,2706.3125,1646647452,1
27,2707.15625,1646647453,1
27,2707.953125,1646647454,1
27,2708.71875,1646647455,1
27,2709.46875,1646647456,1
27,2710.3125,1646647456,1
27,2711.125,1646647457,1
27,2712.015625,1646647458,1
27,2712.921875,1646647459,1
27,2713.84375,1646647460,1
27,2714.71875,1646647461,1
27,2715.609375,1646647462,1
27,2716.5,1646647463,1
27,2717.359375,1646647463,1
27,2718.25,1646647464,1
27,2719.15625,1646647465,1
27,2720.046875,1646647466,1
27,2720.921875,1646647467,1
27,2721.84375,1646647468,1
27,2722.71875,1646647469,1
27,2723.59375,1646647470,1
27,2724.515625,1646647471,1
27,2725.40625,1646647471,1
27,2726.328125,1646647472,1
27,2727.21875,1646647473,1
27,2728.078125,1646647474,1
27,2728.953125,1646647475,1
27,2729.875,1646647476,1
27,2730.78125,1646647477,1
27,2731.71875,1646647478,1
27,2732.65625,1646647479,1
27,2733.640625,1646647480,1
27,2734.515625,1646647481,1
27,2735.296875,1646647481,1
27,2736.078125,1646647482,1
27,2750.484375,1646647483,1
27,2751.359375,1646647484,1
27,2752.28125,1646647485,1
27,2753.140625,1646647486,1
27,2754.0,1646647486,1
27,2754.78125,1646647487,1
27,2755.59375,1646647488,1
27,2756.421875,1646647489,1
27,2757.21875,1646647490,1
27,2758.03125,1646647491,1
27,2758.859375,1646647491,1
27,2759.75,1646647492,1
27,2760.640625,1646647493,1
27,2761.484375,1646647494,1
27,2762.421875,1646647495,1
27,2787.0625,1646647496,1
27,2787.921875,1646647497,1
27,2788.703125,1646647497,1
27,2789.609375,1646647498,1
27,2796.234375,1646647499,1
27,2797.109375,1646647500,0
27,2798.015625,1646647501,0
27,2808.265625,1646647502,0
27,2809.171875,1646647503,0
27,2810.015625,1646647504,0
27,2814.6875,1646647504,0
27,2815.421875,1646647505,0
27,2816.21875,1646647506,0
27,2817.078125,1646647507,0
27,2817.984375,1646647508,0
27,2818.875,1646647508,0
27,2819.796875,1646647509,0
27,2820.65625,1646647510,0
27,2821.515625,1646647511,0
27,2822.1875,1646647512,0
27,2834.65625,1646647513,0
27,2835.46875,1646647513,0
27,2836.296875,1646647514,0
27,2837.15625,1646647515,0
27,2837.984375,1646647516,0
27,2842.75,1646647517,0
27,2843.484375,1646647517,0
27,2844.1875,1646647518,0
27,2853.34375,1646647519,0
27,2858.078125,1646647520,0
27,2858.671875,1646647521,0
27,2863.0,1646647521,0
27,2863.8125,1646647522,0
27,2864.671875,1646647523,0
27,2865.53125,1646647524,0
27,2866.234375,1646647525,0
27,2874.53125,1646647526,0
27,2875.40625,1646647526,0
27,2876.328125,1646647527,0
27,2877.234375,1646647528,0
27,2878.125,1646647529,0
27,2878.96875,1646647530,0
27,2968.484375,1646647531,0
27,2978.40625,1646647532,0
27,2979.265625,1646647533,0
27,2980.140625,1646647534,0
27,2985.34375,1646647534,0
27,2986.1875,1646647535,0
27,2987.046875,1646647536,0
27,2987.953125,1646647537,0
27,2988.8125,1646647538,0
27,2989.515625,1646647539,0
27,2990.34375,1646647539,0
27,3000.25,1646647540,0
27,3021.875,1646647541,0
27,3022.71875,1646647542,0
27,3023.5625,1646647543,0
27,3024.453125,1646647544,0
27,3025.28125,1646647545,0
27,3026.015625,1646647545,0
27,3026.96875,1646647546,0
27,3027.765625,1646647547,0
27,3028.5625,1646647548,0
27,3029.390625,1646647549,0
27,3030.25,1646647549,0
27,3031.0625,1646647550,0
27,3031.890625,1646647551,0
27,3042.015625,1646647552,0
27,3063.0,1646647553,0
27,3063.9375,1646647554,0
27,3064.671875,1646647555,0
27,3065.4375,1646647555,0
27,3066.234375,1646647556,0
27,3070.984375,1646647557,0
27,3071.78125,1646647558,0
27,3072.578125,1646647559,0
27,3073.375,1646647559,0
27,3074.203125,1646647560,0
27,3074.96875,1646647561,0
27,3075.71875,1646647562,0
27,3076.40625,1646647562,0
27,3077.109375,1646647563,0
27,3077.8125,1646647564,0
27,3078.515625,1646647564,0
27,3079.25,1646647565,0
27,3080.015625,1646647566,0
27,3080.734375,1646647567,0
27,3081.5,1646647567,0
27,3082.296875,1646647568,0
27,3083.140625,1646647569,0
27,3083.96875,1646647570,0
27,3084.75,1646647571,0
27,3085.578125,1646647572,0
27,3086.234375,1646647572,0
27,3086.875,1646647573,0
27,3090.953125,1646647574,0
27,3091.828125,1646647575,0
27,3092.546875,1646647575,0
27,3093.5625,1646647576,0
27,3094.703125,1646647577,0
27,3132.578125,1646647578,0
27,3133.5,1646647579,0
27,3134.3125,1646647580,0
27,3134.984375,1646647581,0
27,3141.5625,1646647581,0
27,3158.984375,1646647582,0
27,3159.78125,1646647583,0
27,3160.625,1646647584,0
27,3161.515625,1646647585,0
27,3162.34375,1646647586,0
27,3163.1875,1646647586,0
27,3164.03125,1646647587,0
27,3164.859375,1646647588,0
27,3165.609375,1646647589,0
27,3166.375,1646647590,0
27,3167.171875,1646647590,0
27,3168.03125,1646647591,0
27,3168.890625,1646647592,0
27,3169.765625,1646647593,0
27,3170.671875,1646647594,0
27,3171.453125,1646647595,0
27,3172.40625,1646647596,0
27,3178.265625,1646647596,0
27,3179.109375,1646647597,0
27,3179.90625,1646647598,0
27,3180.75,1646647599,0
27,3181.609375,1646647600,0
27,3182.546875,1646647601,0
27,3183.46875,1646647602,0
27,3184.390625,1646647602,0
27,3185.265625,1646647603,0
27,3186.109375,1646647604,0
27,3186.9375,1646647605,0
27,3187.78125,1646647606,0
27,3188.609375,1646647607,0
27,3189.46875,1646647608,0
27,3190.359375,1646647608,0
27,3191.25,1646647609,0
27,3203.078125,1646647610,0
27,3203.796875,1646647611,0
27,3204.515625,1646647612,0
27,3205.234375,1646647612,0
27,3206.03125,1646647613,0
27,3206.8125,1646647614,0
27,3207.5625,1646647615,0
27,3208.390625,1646647615,0
27,3217.515625,1646647616,0
27,3218.359375,1646647617,0
27,3219.21875,1646647618,0
27,3220.015625,1646647619,0
27,3220.8125,1646647620,0
27,3221.578125,1646647620,0
27,3222.359375,1646647621,0
27,3223.203125,1646647622,0
27,3224.078125,1646647623,0
27,3224.890625,1646647624,0
27,3225.734375,1646647624,0
27,3226.546875,1646647625,0
27,3227.46875,1646647626,0
27,3228.359375,1646647627,0
27,3229.203125,1646647628,0
27,3230.078125,1646647629,0
27,3238.15625,1646647630,0
27,3239.0,1646647630,0
27,3239.890625,1646647631,0
27,3240.75,1646647632,0
27,3241.5625,1646647633,0
27,3242.375,1646647634,0
27,3243.21875,1646647635,0
27,3244.015625,1646647636,0
27,3244.828125,1646647636,0
27,3245.671875,1646647637,0
27,3246.5,1646647638,0
27,3247.40625,1646647639,0
27,3248.28125,1646647640,0
27,3249.109375,1646647641,0
27,3249.953125,1646647641,0
27,3250.8125,1646647642,0
27,3251.65625,1646647643,0
27,3252.515625,1646647644,0
27,3253.359375,1646647645,0
27,3254.234375,1646647646,0
27,3255.125,1646647647,0
27,3255.96875,1646647647,0
27,3256.875,1646647648,0
27,3257.765625,1646647649,0
27,3258.65625,1646647650,0
27,3259.484375,1646647651,0
27,3260.328125,1646647652,0
27,3261.140625,1646647653,0
27,3262.03125,1646647654,0
27,3262.875,1646647654,0
27,3263.734375,1646647655,0
27,3264.578125,1646647656,0
27,3265.359375,1646647657,0
27,3266.28125,1646647658,0
27,3267.140625,1646647659,0
27,3267.96875,1646647659,0
27,3280.0625,1646647660,0
27,3280.9375,1646647661,0
27,3281.828125,1646647662,0
27,3288.421875,1646647663,0
27,3289.3125,1646647664,0
27,3290.1875,1646647665,0
27,3291.015625,1646647666,0
27,3291.953125,1646647667,0
27,3292.78125,1646647667,0
27,3293.671875,1646647668,0
27,3305.03125,1646647669,0
27,3305.859375,1646647670,0
27,3313.28125,1646647671,0
27,3314.125,1646647672,0
27,3314.9375,1646647673,0
27,3315.796875,1646647673,0
27,3316.609375,1646647674,0
27,3317.453125,1646647675,0
27,3318.296875,1646647676,0
27,3319.1875,1646647677,0
27,3320.0625,1646647678,0
27,3320.9375,1646647679,0
27,3321.796875,1646647679,0
27,3322.65625,1646647680,0
27,3323.515625,1646647681,0
27,3324.34375,1646647682,0
27,3325.1875,1646647683,0
27,3326.0,1646647684,0
27,3326.859375,1646647684,0
27,3327.625,1646647685,0
27,3333.15625,1646647686,0
27,3343.8125,1646647687,0
27,3344.71875,1646647688,0
27,3345.578125,1646647689,0
27,3346.40625,1646647689,0
27,3347.21875,1646647690,0
27,3348.015625,1646647691,0
27,3352.703125,1646647692,0
27,3353.515625,1646647693,0
27,3354.28125,1646647693,0
27,3355.078125,1646647694,0
27,3365.859375,1646647695,0
27,3366.75,1646647696,0
27,3367.546875,1646647697,0
27,3368.375,1646647698,0
